,단지코드,총세대수,임대건물구분,지역,공가수,도보 10분거리 내 지하철역 수(환승노선 수 반영),도보 10분거리 내 버스정류장 수,단지내주차면수,등록차량수,국민임대A,국민임대B,공공임대(50년)A,영구임대C,임대상가D,영구임대E,영구임대F,국민임대E,국민임대G,국민임대H,공공임대(10년)A,공공임대(분납)A,장기전세A,영구임대I,공공분양D,영구임대A,행복주택J,행복주택K,행복주택L,공공임대(5년)A,행복주택M,행복주택N,행복주택O,평균면적,평균임대보증금,평균임대료
0,C2515,545,아파트,경상남도,17.0,0.0,3.0,624.0,205.0,0,0,0,0,0,0,0,0,0,0,0,0,0,0,0,0,0,0,0,0,0,0,0,40.26022018348624,14035965.137614679,119431.26605504587
7,C1407,1216,아파트,대전광역시,13.0,1.0,1.0,1285.0,1064.0,0,0,0,0,0,0,0,0,0,0,0,0,0,0,0,0,0,0,0,0,0,0,0,40.42687499999999,27604981.907894738,171132.23684210525
18,C1945,755,아파트,경기도,6.0,1.0,3.0,734.0,730.0,0,0,0,0,0,0,0,0,0,0,0,0,0,0,0,0,0,0,0,0,0,0,0,50.28099337748345,22449145.695364237,187414.2119205298
24,C1470,696,아파트,전라북도,14.0,0.0,2.0,645.0,553.0,0,0,0,0,0,0,0,0,0,0,0,0,0,0,0,0,0,0,0,0,0,0,0,44.90068965517241,19393988.50574713,125449.22413793103
28,C1898,566,아파트,전라북도,9.0,0.0,6.0,517.0,415.0,0,0,0,0,0,0,0,0,0,0,0,0,0,0,0,0,0,0,0,0,0,0,0,42.71031802120141,17573065.371024735,119608.03886925794
34,C1244,1722,아파트,경기도,10.0,0.0,10.0,1483.0,1804.0,0,0,0,0,0,0,0,0,0,0,0,0,0,0,0,0,0,0,0,0,0,0,0,44.67317653890825,38710689.89547038,265752.38095238095
47,C1171,624,아파트,대전광역시,13.0,0.0,5.0,634.0,700.0,0,0,0,0,0,0,0,0,0,0,0,0,0,0,0,0,0,0,0,0,0,0,0,41.12514423076923,27334878.205128204,158131.66666666666
59,C2073,361,아파트,강원도,13.0,0.0,5.0,288.0,301.0,0,0,0,0,0,0,0,0,0,0,0,0,0,0,0,0,0,0,0,0,0,0,0,44.957728531855956,14957110.8033241,185595.62326869805
65,C2513,754,아파트,광주광역시,15.0,0.0,6.0,530.0,820.0,0,0,0,0,0,0,0,0,0,0,0,0,0,0,0,0,0,0,0,0,0,0,0,51.883846153846164,32443000.0,192250.0
68,C1936,240,아파트,광주광역시,8.0,0.0,10.0,168.0,234.0,0,0,0,0,0,0,0,0,0,0,0,0,0,0,0,0,0,0,0,0,0,0,0,51.888333333333335,32443000.0,192250.0
72,C2049,688,아파트,강원도,0.0,0.0,5.0,631.0,841.0,0,0,0,0,0,0,0,0,0,0,0,0,0,0,0,0,0,0,0,0,0,0,0,53.50758720930233,15868906.976744186,88354.56395348837
75,C2202,623,아파트,강원도,0.0,0.0,2.0,222.0,226.0,0,0,0,0,0,0,0,0,0,0,0,0,0,0,0,0,0,0,0,0,0,0,0,44.04242375601926,10619874.799357945,156849.40609951847
78,C1925,601,아파트,강원도,9.0,0.0,4.0,117.0,75.0,0,0,0,0,0,0,0,0,0,0,0,0,0,0,0,0,0,0,0,0,0,0,0,28.93359209650582,8555589.55407654,136737.4526955075
80,C1925,601,상가,강원도,9.0,0.0,4.0,117.0,75.0,0,0,0,0,0,0,0,0,0,0,0,0,0,0,0,0,0,0,0,0,0,0,0,28.93359209650582,8555589.55407654,136737.4526955075
84,C2576,405,아파트,경상남도,19.0,0.0,4.0,296.0,73.0,0,0,0,0,0,0,0,0,0,0,0,0,0,0,0,0,0,0,0,0,0,0,0,49.848543209876546,21438646.913580246,178508.0987654321
86,C1312,518,아파트,충청남도,12.0,0.0,3.0,527.0,359.0,0,0,0,0,0,0,0,0,0,0,0,0,0,0,0,0,0,0,0,0,0,0,0,42.54714214285713,21650744.72779923,133601.8942084942
90,C1874,619,아파트,충청남도,2.0,0.0,2.0,97.0,62.0,0,0,0,0,0,0,0,0,0,0,0,0,0,0,0,0,0,0,0,0,0,0,0,27.772875605815827,3146012.9240710824,70009.17609046849
93,C1874,619,상가,충청남도,2.0,0.0,2.0,97.0,62.0,0,0,0,0,0,0,0,0,0,0,0,0,0,0,0,0,0,0,0,0,0,0,0,27.772875605815827,3146012.9240710824,70009.17609046849
120,C2650,875,아파트,부산광역시,13.0,0.0,4.0,616.0,159.0,0,0,0,0,0,0,0,0,0,0,0,0,0,0,0,0,0,0,0,0,0,0,0,39.661988571428566,12507840.0,118267.82857142857
123,C2416,560,아파트,경상남도,0.0,0.0,5.0,154.0,63.0,0,0,0,0,0,0,0,0,0,0,0,0,0,0,0,0,0,0,0,0,0,0,0,28.420589285714286,3262200.0,72587.14285714286
125,C2416,560,상가,경상남도,0.0,0.0,5.0,154.0,63.0,0,0,0,0,0,0,0,0,0,0,0,0,0,0,0,0,0,0,0,0,0,0,0,28.420589285714286,3262200.0,72587.14285714286
133,C2013,595,아파트,경상남도,3.0,0.0,3.0,509.0,91.0,0,0,0,0,0,0,0,0,0,0,0,0,0,0,0,0,0,0,0,0,0,0,0,40.595648369747906,15565259.6,40875.044
136,C1424,625,아파트,대전광역시,2.0,0.0,7.0,517.0,179.0,0,0,0,0,0,0,0,0,0,0,0,0,0,0,0,0,0,0,0,0,0,0,0,45.672315456,18019065.8336,213881.815232
139,C2100,880,아파트,대전광역시,4.0,0.0,5.0,736.0,671.0,0,0,0,0,0,0,0,0,0,0,0,0,0,0,0,0,0,0,0,0,0,0,0,53.784511363636355,23638113.636363637,94533.97727272728
145,C2621,1396,아파트,대전광역시,26.0,1.0,4.0,277.0,133.0,0,0,0,0,0,0,0,0,0,0,0,0,0,0,0,0,0,0,0,0,0,0,0,27.885458452722045,6047843.123209169,83585.18624641834
153,C2621,1396,상가,대전광역시,26.0,1.0,4.0,277.0,133.0,0,0,0,0,0,0,0,0,0,0,0,0,0,0,0,0,0,0,0,0,0,0,0,27.885458452722045,6047843.123209169,83585.18624641834
163,C2520,970,아파트,대전광역시,2.0,0.0,2.0,420.0,386.0,0,0,0,0,0,0,0,0,0,0,0,0,0,0,0,0,0,0,0,0,0,0,0,39.69,13155000.0,177500.0
164,C2319,606,아파트,대전광역시,1.0,1.0,12.0,548.0,266.0,0,0,0,0,0,0,0,0,0,0,0,0,0,0,0,0,0,0,0,0,0,0,0,55.29540092409241,18541276.333333332,252961.91422442242
168,C1616,1507,아파트,대전광역시,1.0,0.0,2.0,407.0,98.0,0,0,0,0,0,0,0,0,0,0,0,0,0,0,0,0,0,0,0,0,0,0,0,32.62839416058395,20446984.73788985,67973.94824153949
171,C1616,1507,상가,대전광역시,1.0,0.0,2.0,407.0,98.0,0,0,0,0,0,0,0,0,0,0,0,0,0,0,0,0,0,0,0,0,0,0,0,32.62839416058395,20446984.73788985,67973.94824153949
190,C1704,639,아파트,대전광역시,34.0,0.0,7.0,162.0,131.0,0,0,0,0,0,0,0,0,0,0,0,0,0,0,0,0,0,0,0,0,0,0,0,39.52959311424101,8478403.755868545,117167.69953051643
192,C1704,639,상가,대전광역시,34.0,0.0,7.0,162.0,131.0,0,0,0,0,0,0,0,0,0,0,0,0,0,0,0,0,0,0,0,0,0,0,0,39.52959311424101,8478403.755868545,117167.69953051643
207,C2258,965,아파트,대전광역시,13.0,0.0,3.0,287.0,78.0,0,0,0,0,0,0,0,0,0,0,0,0,0,0,0,0,0,0,0,0,0,0,0,30.119554404145088,6458586.528497409,89262.83937823834
210,C2258,965,상가,대전광역시,13.0,0.0,3.0,287.0,78.0,0,0,0,0,0,0,0,0,0,0,0,0,0,0,0,0,0,0,0,0,0,0,0,30.119554404145088,6458586.528497409,89262.83937823834
227,C1032,946,아파트,대전광역시,6.0,1.0,2.0,986.0,316.0,0,0,0,0,0,0,0,0,0,0,0,0,0,0,0,0,0,0,0,0,0,0,0,54.857843551797046,30672146.93446089,202452.66384778012
233,C2038,785,아파트,대전광역시,7.0,1.0,10.0,150.0,108.0,0,0,0,0,0,0,0,0,0,0,0,0,0,0,0,0,0,0,0,0,0,0,0,28.81244585987262,6137128.662420382,84819.66878980891
236,C2038,785,상가,대전광역시,7.0,1.0,10.0,150.0,108.0,0,0,0,0,0,0,0,0,0,0,0,0,0,0,0,0,0,0,0,0,0,0,0,28.81244585987262,6137128.662420382,84819.66878980891
253,C1859,2424,아파트,대전광역시,1.0,1.0,4.0,487.0,116.0,0,0,0,0,0,0,0,0,0,0,0,0,0,0,0,0,0,0,0,0,0,0,0,28.07305693069304,5979667.0792079205,82642.93729372937
258,C1859,2424,상가,대전광역시,1.0,1.0,4.0,487.0,116.0,0,0,0,0,0,0,0,0,0,0,0,0,0,0,0,0,0,0,0,0,0,0,0,28.07305693069304,5979667.0792079205,82642.93729372937
293,C1722,809,아파트,강원도,1.0,0.0,6.0,264.0,649.0,0,0,0,0,0,0,0,0,0,0,0,0,0,0,0,0,0,0,0,0,0,0,0,40.60833127317676,10891021.013597034,182938.45488257107
298,C1722,809,상가,강원도,1.0,0.0,6.0,264.0,649.0,0,0,0,0,0,0,0,0,0,0,0,0,0,0,0,0,0,0,0,0,0,0,0,40.60833127317676,10891021.013597034,182938.45488257107
304,C1850,388,아파트,경상남도,0.0,0.0,4.0,226.0,254.0,0,0,0,0,0,0,0,0,0,0,0,0,0,0,0,0,0,0,0,0,0,0,0,47.33603938144329,13771186.051546391,237050.29711340208
307,C2190,1013,아파트,경상남도,7.0,0.0,2.0,178.0,129.0,0,0,0,0,0,0,0,0,0,0,0,0,0,0,0,0,0,0,0,0,0,0,0,27.0996643632774,3175070.088845015,70656.74234945705
311,C2190,1013,상가,경상남도,7.0,0.0,2.0,178.0,129.0,0,0,0,0,0,0,0,0,0,0,0,0,0,0,0,0,0,0,0,0,0,0,0,27.0996643632774,3175070.088845015,70656.74234945705
328,C1476,453,아파트,경상남도,6.0,0.0,5.0,107.0,70.0,0,0,0,0,0,0,0,0,0,0,0,0,0,0,0,0,0,0,0,0,0,0,0,28.16247240618102,8396298.013245033,125778.36644591611
330,C1476,453,상가,경상남도,6.0,0.0,5.0,107.0,70.0,0,0,0,0,0,0,0,0,0,0,0,0,0,0,0,0,0,0,0,0,0,0,0,28.16247240618102,8396298.013245033,125778.36644591611
336,C1077,861,아파트,경상남도,21.0,0.0,5.0,612.0,236.0,0,0,0,0,0,0,0,0,0,0,0,0,0,0,0,0,0,0,0,0,0,0,0,45.733077816492454,19147334.49477352,142779.21022067365
339,C1068,806,아파트,충청남도,11.0,0.0,2.0,804.0,510.0,0,0,0,0,0,0,0,0,0,0,0,0,0,0,0,0,0,0,0,0,0,0,0,41.65176717121588,15117348.11662531,126182.59826302729
345,C1983,903,아파트,충청남도,3.0,0.0,4.0,200.0,253.0,0,0,0,0,0,0,0,0,0,0,0,0,0,0,0,0,0,0,0,0,0,0,0,30.2634219269103,8872739.756367663,132403.7984496124
350,C1983,903,상가,충청남도,3.0,0.0,4.0,200.0,253.0,0,0,0,0,0,0,0,0,0,0,0,0,0,0,0,0,0,0,0,0,0,0,0,30.2634219269103,8872739.756367663,132403.7984496124
360,C2135,1116,아파트,부산광역시,10.0,1.0,3.0,262.0,127.0,0,0,0,0,0,0,0,0,0,0,0,0,0,0,0,0,0,0,0,0,0,0,0,28.542275985663085,9752688.17204301,127810.3046594982
363,C2135,1116,상가,부산광역시,10.0,1.0,3.0,262.0,127.0,0,0,0,0,0,0,0,0,0,0,0,0,0,0,0,0,0,0,0,0,0,0,0,28.542275985663085,9752688.17204301,127810.3046594982
380,C2034,1486,아파트,부산광역시,2.0,1.0,3.0,405.0,132.0,0,0,0,0,0,0,0,0,0,0,0,0,0,0,0,0,0,0,0,0,0,0,0,29.055794078061908,9865467.698519515,128866.4535666218
383,C2034,1486,상가,부산광역시,2.0,1.0,3.0,405.0,132.0,0,0,0,0,0,0,0,0,0,0,0,0,0,0,0,0,0,0,0,0,0,0,0,29.055794078061908,9865467.698519515,128866.4535666218
409,C1109,1957,아파트,부산광역시,1.0,1.0,2.0,351.0,313.0,0,0,0,0,0,0,0,0,0,0,0,0,0,0,0,0,0,0,0,0,0,0,0,27.71214103219214,5975912.6213592235,82591.07307102709
411,C1109,1957,상가,부산광역시,1.0,1.0,2.0,351.0,313.0,0,0,0,0,0,0,0,0,0,0,0,0,0,0,0,0,0,0,0,0,0,0,0,27.71214103219214,5975912.6213592235,82591.07307102709
431,C1497,802,아파트,부산광역시,7.0,1.0,14.0,375.0,382.0,0,0,0,0,0,0,0,0,0,0,0,0,0,0,0,0,0,0,0,0,0,0,0,39.421097256857855,13220527.431421446,168220.03740648378
433,C2289,1527,아파트,부산광역시,2.0,0.0,3.0,240.0,364.0,0,0,0,0,0,0,0,0,0,0,0,0,0,0,0,0,0,0,0,0,0,0,0,28.699914865749854,6093117.878192535,84211.02161100197
437,C2289,1527,상가,부산광역시,2.0,0.0,3.0,240.0,364.0,0,0,0,0,0,0,0,0,0,0,0,0,0,0,0,0,0,0,0,0,0,0,0,28.699914865749854,6093117.878192535,84211.02161100197
457,C2597,1005,아파트,부산광역시,25.0,0.0,2.0,166.0,94.0,0,0,0,0,0,0,0,0,0,0,0,0,0,0,0,0,0,0,0,0,0,0,0,27.87472636815921,5878274.626865672,81241.6616915423
460,C2597,1005,상가,부산광역시,25.0,0.0,2.0,166.0,94.0,0,0,0,0,0,0,0,0,0,0,0,0,0,0,0,0,0,0,0,0,0,0,0,27.87472636815921,5878274.626865672,81241.6616915423
489,C2310,1988,아파트,부산광역시,1.0,0.0,2.0,217.0,189.0,0,0,0,0,0,0,0,0,0,0,0,0,0,0,0,0,0,0,0,0,0,0,0,27.564532193158964,5891571.428571428,81425.36217303823
492,C2310,1988,상가,부산광역시,1.0,0.0,2.0,217.0,189.0,0,0,0,0,0,0,0,0,0,0,0,0,0,0,0,0,0,0,0,0,0,0,0,27.564532193158964,5891571.428571428,81425.36217303823
512,C1672,1350,아파트,부산광역시,15.0,0.0,1.0,1043.0,873.0,0,0,0,0,0,0,0,0,0,0,0,0,0,0,0,0,0,0,0,0,0,0,0,54.543703703703706,18310973.333333332,224665.65925925926
514,C2132,2428,아파트,부산광역시,1.0,0.0,1.0,756.0,359.0,0,0,0,0,0,0,0,0,0,0,0,0,0,0,0,0,0,0,0,0,0,0,0,28.592697693574948,4314358.731466227,71898.70263591433
518,C2132,2428,상가,부산광역시,1.0,0.0,1.0,756.0,359.0,0,0,0,0,0,0,0,0,0,0,0,0,0,0,0,0,0,0,0,0,0,0,0,28.592697693574948,4314358.731466227,71898.70263591433
561,C1439,1755,아파트,부산광역시,29.0,1.0,3.0,270.0,172.0,0,0,0,0,0,0,0,0,0,0,0,0,0,0,0,0,0,0,0,0,0,0,0,28.088170940170947,5922170.94017094,81848.54700854702
564,C1439,1755,상가,부산광역시,29.0,1.0,3.0,270.0,172.0,0,0,0,0,0,0,0,0,0,0,0,0,0,0,0,0,0,0,0,0,0,0,0,28.088170940170947,5922170.94017094,81848.54700854702
609,C1613,840,아파트,부산광역시,7.0,1.0,1.0,594.0,498.0,0,0,0,0,0,0,0,0,0,0,0,0,0,0,0,0,0,0,0,0,0,0,0,53.34921428571429,20892166.666666668,265028.7619047619
612,C2216,390,아파트,충청남도,2.0,0.0,1.0,97.0,149.0,0,0,0,0,0,0,0,0,0,0,0,0,0,0,0,0,0,0,0,0,0,0,0,39.18,9443461.538461538,132876.92307692306
614,C1899,451,아파트,경상남도,0.0,0.0,4.0,109.0,31.0,0,0,0,0,0,0,0,0,0,0,0,0,0,0,0,0,0,0,0,0,0,0,0,28.056186252771624,8000738.359201774,120032.54988913526
616,C1899,451,상가,경상남도,0.0,0.0,4.0,109.0,31.0,0,0,0,0,0,0,0,0,0,0,0,0,0,0,0,0,0,0,0,0,0,0,0,28.056186252771624,8000738.359201774,120032.54988913526
620,C1056,410,아파트,제주특별자치도,0.0,0.0,10.0,120.0,125.0,0,0,0,0,0,0,0,0,0,0,0,0,0,0,0,0,0,0,0,0,0,0,0,28.493658536585368,3301951.2195121953,73473.17073170732
622,C1056,410,상가,제주특별자치도,0.0,0.0,10.0,120.0,125.0,0,0,0,0,0,0,0,0,0,0,0,0,0,0,0,0,0,0,0,0,0,0,0,28.493658536585368,3301951.2195121953,73473.17073170732
632,C2644,779,아파트,충청남도,7.0,0.0,12.0,190.0,177.0,0,0,0,0,0,0,0,0,0,0,0,0,0,0,0,0,0,0,0,0,0,0,0,32.07987029525032,10239797.405648267,143881.3332220796
636,C2644,779,상가,충청남도,7.0,0.0,12.0,190.0,177.0,0,0,0,0,0,0,0,0,0,0,0,0,0,0,0,0,0,0,0,0,0,0,0,32.07987029525032,10239797.405648267,143881.3332220796
639,C1206,755,아파트,강원도,1.0,0.0,4.0,88.0,90.0,0,0,0,0,0,0,0,0,0,0,0,0,0,0,0,0,0,0,0,0,0,0,0,29.188009258278147,3365587.0304635763,74893.12699337749
641,C1206,755,상가,강원도,1.0,0.0,4.0,88.0,90.0,0,0,0,0,0,0,0,0,0,0,0,0,0,0,0,0,0,0,0,0,0,0,0,29.188009258278147,3365587.0304635763,74893.12699337749
651,C2481,693,아파트,울산광역시,2.0,0.0,2.0,486.0,302.0,0,0,0,0,0,0,0,0,0,0,0,0,0,0,0,0,0,0,0,0,0,0,0,40.07336219336219,11898549.783549784,84118.35497835498
654,C1718,753,아파트,울산광역시,23.0,0.0,2.0,682.0,496.0,0,0,0,0,0,0,0,0,0,0,0,0,0,0,0,0,0,0,0,0,0,0,0,48.149150066401056,26208961.487383798,202763.86454183268
656,C1655,498,아파트,강원도,23.0,0.0,6.0,402.0,236.0,0,0,0,0,0,0,0,0,0,0,0,0,0,0,0,0,0,0,0,0,0,0,0,47.014257028112446,19938417.670682732,137988.3534136546
660,C1430,1533,아파트,부산광역시,32.0,0.0,3.0,1296.0,839.0,0,0,0,0,0,0,0,0,0,0,0,0,0,0,0,0,0,0,0,0,0,0,0,57.30381604696673,33244649.706457924,195515.68166992825
664,C1775,711,아파트,제주특별자치도,5.0,0.0,8.0,131.0,96.0,0,0,0,0,0,0,0,0,0,0,0,0,0,0,0,0,0,0,0,0,0,0,0,28.5610829817159,4242160.337552743,78750.04219409282
666,C1775,711,상가,제주특별자치도,5.0,0.0,8.0,131.0,96.0,0,0,0,0,0,0,0,0,0,0,0,0,0,0,0,0,0,0,0,0,0,0,0,28.5610829817159,4242160.337552743,78750.04219409282
681,C1519,420,아파트,제주특별자치도,0.0,0.0,0.0,393.0,235.0,0,0,0,0,0,0,0,0,0,0,0,0,0,0,0,0,0,0,0,0,0,0,0,39.848000000000006,15199600.0,91552.0
683,C2221,590,아파트,제주특별자치도,1.0,0.0,3.0,376.0,359.0,0,0,0,0,0,0,0,0,0,0,0,0,0,0,0,0,0,0,0,0,0,0,0,49.52705084745763,15403888.13559322,246646.61016949153
691,C1790,657,아파트,경상남도,2.0,0.0,4.0,166.0,120.0,0,0,0,0,0,0,0,0,0,0,0,0,0,0,0,0,0,0,0,0,0,0,0,29.75421613394217,3346007.610350076,74456.40791476407
694,C1790,657,상가,경상남도,2.0,0.0,4.0,166.0,120.0,0,0,0,0,0,0,0,0,0,0,0,0,0,0,0,0,0,0,0,0,0,0,0,29.75421613394217,3346007.610350076,74456.40791476407
724,C2109,495,아파트,경상남도,2.0,0.0,4.0,117.0,60.0,0,0,0,0,0,0,0,0,0,0,0,0,0,0,0,0,0,0,0,0,0,0,0,28.304020202020205,3234133.3333333335,71963.15151515152
726,C2109,495,상가,경상남도,2.0,0.0,4.0,117.0,60.0,0,0,0,0,0,0,0,0,0,0,0,0,0,0,0,0,0,0,0,0,0,0,0,28.304020202020205,3234133.3333333335,71963.15151515152
741,C1698,460,아파트,경상남도,1.0,0.0,3.0,155.0,65.0,0,0,0,0,0,0,0,0,0,0,0,0,0,0,0,0,0,0,0,0,0,0,0,39.173999999999985,12752139.130434783,160621.04347826086
745,C1698,460,상가,경상남도,1.0,0.0,3.0,155.0,65.0,0,0,0,0,0,0,0,0,0,0,0,0,0,0,0,0,0,0,0,0,0,0,0,39.173999999999985,12752139.130434783,160621.04347826086
749,C1866,338,아파트,경상남도,1.0,0.0,3.0,235.0,135.0,0,0,0,0,0,0,0,0,0,0,0,0,0,0,0,0,0,0,0,0,0,0,0,40.07130177514793,10605695.26627219,87775.44378698224
753,C1005,1144,아파트,충청남도,16.0,0.0,8.0,950.0,376.0,0,0,0,0,0,0,0,0,0,0,0,0,0,0,0,0,0,0,0,0,0,0,0,53.44104895104895,16818111.88811189,217779.44055944055
756,C1004,521,아파트,충청남도,3.0,0.0,2.0,153.0,93.0,0,0,0,0,0,0,0,0,0,0,0,0,0,0,0,0,0,0,0,0,0,0,0,39.490921305182354,4552537.428023033,101302.57197696737
758,C1004,521,상가,충청남도,3.0,0.0,2.0,153.0,93.0,0,0,0,0,0,0,0,0,0,0,0,0,0,0,0,0,0,0,0,0,0,0,0,39.490921305182354,4552537.428023033,101302.57197696737
775,C1875,1003,아파트,충청남도,5.0,0.0,8.0,192.0,209.0,0,0,0,0,0,0,0,0,0,0,0,0,0,0,0,0,0,0,0,0,0,0,0,27.310398803589237,3169146.5603190428,70524.90528414756
778,C1875,1003,상가,충청남도,5.0,0.0,8.0,192.0,209.0,0,0,0,0,0,0,0,0,0,0,0,0,0,0,0,0,0,0,0,0,0,0,0,27.310398803589237,3169146.5603190428,70524.90528414756
797,C2156,306,아파트,충청남도,0.0,0.0,1.0,246.0,204.0,0,0,0,0,0,0,0,0,0,0,0,0,0,0,0,0,0,0,0,0,0,0,0,41.01577205882352,12020537.673202615,94432.16395424838
800,C2212,697,아파트,강원도,0.0,0.0,4.0,128.0,86.0,0,0,0,0,0,0,0,0,0,0,0,0,0,0,0,0,0,0,0,0,0,0,0,29.5461549497848,4389767.575322812,81499.79913916787
803,C2212,697,상가,강원도,0.0,0.0,4.0,128.0,86.0,0,0,0,0,0,0,0,0,0,0,0,0,0,0,0,0,0,0,0,0,0,0,0,29.5461549497848,4389767.575322812,81499.79913916787
814,C2401,213,아파트,강원도,21.0,0.0,3.0,164.0,19.0,0,0,0,0,0,0,0,0,0,0,0,0,0,0,0,0,0,0,0,0,0,0,0,47.390234741784035,35984497.65258216,77555.5868544601
817,C2571,481,아파트,경상남도,5.0,0.0,1.0,65.0,62.0,0,0,0,0,0,0,0,0,0,0,0,0,0,0,0,0,0,0,0,0,0,0,0,26.71494802494803,2973405.4054054054,66162.16216216216
818,C2571,481,상가,경상남도,5.0,0.0,1.0,65.0,62.0,0,0,0,0,0,0,0,0,0,0,0,0,0,0,0,0,0,0,0,0,0,0,0,26.71494802494803,2973405.4054054054,66162.16216216216
831,C1175,468,아파트,충청남도,15.0,0.0,2.0,477.0,430.0,0,0,0,0,0,0,0,0,0,0,0,0,0,0,0,0,0,0,0,0,0,0,0,52.859615384615374,27292846.153846152,163795.0
834,C1833,1364,아파트,제주특별자치도,19.0,0.0,5.0,1505.0,1001.0,0,0,0,0,0,0,0,0,0,0,0,0,0,0,0,0,0,0,0,0,0,0,0,42.038563049853366,16522577.712609971,143405.1759530792
841,C2445,800,아파트,충청북도,16.0,0.0,4.0,671.0,334.0,0,0,0,0,0,0,0,0,0,0,0,0,0,0,0,0,0,0,0,0,0,0,0,41.0914125,12285916.25,112427.475
847,C1885,830,아파트,전라남도,14.0,0.0,4.0,802.0,616.0,0,0,0,0,0,0,0,0,0,0,0,0,0,0,0,0,0,0,0,0,0,0,0,40.7549156626506,18263600.0,118224.0
855,C2368,775,아파트,전라남도,10.0,0.0,4.0,738.0,548.0,0,0,0,0,0,0,0,0,0,0,0,0,0,0,0,0,0,0,0,0,0,0,0,42.72135483870968,19705600.0,133120.0
863,C2016,261,아파트,충청북도,15.0,0.0,2.0,198.0,220.0,0,0,0,0,0,0,0,0,0,0,0,0,0,0,0,0,0,0,0,0,0,0,0,41.824137931034485,12291490.421455938,104317.24137931035
867,C2371,474,아파트,경상북도,20.0,0.0,1.0,374.0,451.0,0,0,0,0,0,0,0,0,0,0,0,0,0,0,0,0,0,0,0,0,0,0,0,41.65210970464135,13528354.430379746,89567.38396624473
875,C2536,72,아파트,전라북도,7.0,0.0,1.0,54.0,47.0,0,0,0,0,0,0,0,0,0,0,0,0,0,0,0,0,0,0,0,0,0,0,0,37.809999999999995,10586666.666666666,58803.333333333336
878,C2538,1473,아파트,경기도,13.0,0.0,3.0,1299.0,799.0,0,0,0,0,0,0,0,0,0,0,0,0,0,0,0,0,0,0,0,0,0,0,0,39.79142566191445,24869841.819416158,265970.97759674134
897,C1014,996,아파트,전라북도,5.0,0.0,2.0,823.0,708.0,0,0,0,0,0,0,0,0,0,0,0,0,0,0,0,0,0,0,0,0,0,0,0,41.47584337349398,17621345.381526105,148407.38955823294
904,C1592,870,아파트,강원도,13.0,0.0,5.0,763.0,739.0,0,0,0,0,0,0,0,0,0,0,0,0,0,0,0,0,0,0,0,0,0,0,0,40.36216091954023,15672793.103448275,202792.183908046
911,C1867,678,아파트,경상남도,26.0,0.0,2.0,579.0,374.0,0,0,0,0,0,0,0,0,0,0,0,0,0,0,0,0,0,0,0,0,0,0,0,40.94342182890856,13177876.10619469,123895.2802359882
917,C2326,632,아파트,충청북도,15.0,0.0,4.0,478.0,557.0,0,0,0,0,0,0,0,0,0,0,0,0,0,0,0,0,0,0,0,0,0,0,0,40.96193037974684,13887813.291139241,119864.11392405063
922,C1015,961,아파트,부산광역시,28.0,0.0,3.0,928.0,579.0,0,0,0,0,0,0,0,0,0,0,0,0,0,0,0,0,0,0,0,0,0,0,0,43.06126951092612,13812204.994797086,121312.16441207076
930,C1620,1232,아파트,광주광역시,22.0,0.0,4.0,1181.0,1101.0,0,0,0,0,0,0,0,0,0,0,0,0,0,0,0,0,0,0,0,0,0,0,0,40.76653409090909,19700843.344155844,112040.34090909091
935,C1049,676,아파트,광주광역시,18.0,0.0,3.0,658.0,762.0,0,0,0,0,0,0,0,0,0,0,0,0,0,0,0,0,0,0,0,0,0,0,0,42.833298816568046,22252417.159763314,126324.6449704142
940,C2000,1300,아파트,경상남도,21.0,0.0,2.0,1082.0,795.0,0,0,0,0,0,0,0,0,0,0,0,0,0,0,0,0,0,0,0,0,0,0,0,45.24146153846154,17544400.0,151116.07692307694
947,C2097,998,아파트,경상북도,29.0,0.0,2.0,1240.0,995.0,0,0,0,0,0,0,0,0,0,0,0,0,0,0,0,0,0,0,0,0,0,0,0,42.99380761523046,39134497.99599198,91821.33266533066
954,C1668,493,아파트,전라남도,7.0,0.0,4.0,421.0,288.0,0,0,0,0,0,0,0,0,0,0,0,0,0,0,0,0,0,0,0,0,0,0,0,43.183326572008106,13433198.78296146,106652.92089249493
961,C1689,1117,아파트,경기도,4.0,1.0,3.0,985.0,960.0,0,0,0,0,0,0,0,0,0,0,0,0,0,0,0,0,0,0,0,0,0,0,0,40.18342882721576,33857211.28021486,226816.44583706357
971,C1234,307,아파트,강원도,1.0,0.0,2.0,219.0,311.0,0,0,0,0,0,0,0,0,0,0,0,0,0,0,0,0,0,0,0,0,0,0,0,54.17048859934854,22938951.140065145,149183.55048859934
973,C2514,501,아파트,경상남도,10.0,0.0,1.0,405.0,648.0,0,0,0,0,0,0,0,0,0,0,0,0,0,0,0,0,0,0,0,0,0,0,0,49.6617365269461,15680107.784431137,151049.54091816366
979,C1368,896,아파트,경상북도,29.0,0.0,10.0,900.0,861.0,0,0,0,0,0,0,0,0,0,0,0,0,0,0,0,0,0,0,0,0,0,0,0,48.54075892857143,20302004.464285713,172256.11607142858
983,C1057,521,아파트,경상북도,24.0,0.0,4.0,521.0,521.0,0,0,0,0,0,0,0,0,0,0,0,0,0,0,0,0,0,0,0,0,0,0,0,47.51197696737044,19493573.896353167,165445.45105566218
987,C2336,458,아파트,경상북도,13.0,0.0,2.0,399.0,562.0,0,0,0,0,0,0,0,0,0,0,0,0,0,0,0,0,0,0,0,0,0,0,0,45.66864628820961,19397978.165938865,131888.29694323143
994,C1026,290,아파트,경상북도,10.0,0.0,2.0,205.0,422.0,0,0,0,0,0,0,0,0,0,0,0,0,0,0,0,0,0,0,0,0,0,0,0,54.819655172413796,23840586.20689655,106214.4827586207
996,C2256,409,아파트,경상남도,7.0,0.0,1.0,316.0,344.0,0,0,0,0,0,0,0,0,0,0,0,0,0,0,0,0,0,0,0,0,0,0,0,40.66513447432763,12630684.596577017,111311.19804400978
1001,C1900,586,아파트,전라북도,2.0,0.0,2.0,472.0,596.0,0,0,0,0,0,0,0,0,0,0,0,0,0,0,0,0,0,0,0,0,0,0,0,44.3977133105802,15427174.061433448,99595.97269624574
1009,C2666,1084,아파트,부산광역시,23.0,0.0,1.0,837.0,701.0,0,0,0,0,0,0,0,0,0,0,0,0,0,0,0,0,0,0,0,0,0,0,0,43.768634686346864,19226422.509225093,135929.24354243543
1015,C2361,1174,아파트,경기도,9.0,0.0,4.0,1026.0,1117.0,0,0,0,0,0,0,0,0,0,0,0,0,0,0,0,0,0,0,0,0,0,0,0,47.012487223168655,37314724.02044293,261499.65928449744
1026,C1642,270,아파트,전라남도,14.0,0.0,6.0,222.0,297.0,0,0,0,0,0,0,0,0,0,0,0,0,0,0,0,0,0,0,0,0,0,0,0,43.70399999999999,15257444.444444444,94520.0
1033,C1013,1308,아파트,광주광역시,16.0,0.0,6.0,1119.0,1665.0,0,0,0,0,0,0,0,0,0,0,0,0,0,0,0,0,0,0,0,0,0,0,0,45.9525,24830898.318042815,134092.21712538227
1038,C2232,355,아파트,광주광역시,13.0,0.0,3.0,354.0,248.0,0,0,0,0,0,0,0,0,0,0,0,0,0,0,0,0,0,0,0,0,0,0,0,49.91650704225352,29255523.943661973,162351.32394366196
1042,C1973,384,아파트,광주광역시,15.0,0.0,3.0,384.0,457.0,0,0,0,0,0,0,0,0,0,0,0,0,0,0,0,0,0,0,0,0,0,0,0,55.48421875,35304937.5,197789.6875
1045,C2458,853,아파트,광주광역시,28.0,0.0,3.0,853.0,910.0,0,0,0,0,0,0,0,0,0,0,0,0,0,0,0,0,0,0,0,0,0,0,0,48.65764361078546,60961946.072684646,84932.64947245018
1052,C2574,996,아파트,광주광역시,14.0,0.0,6.0,895.0,826.0,0,0,0,0,0,0,0,0,0,0,0,0,0,0,0,0,0,0,0,0,0,0,0,44.47403614457832,24448795.180722892,133267.2891566265
1061,C2133,355,아파트,광주광역시,10.0,0.0,3.0,330.0,328.0,0,0,0,0,0,0,0,0,0,0,0,0,0,0,0,0,0,0,0,0,0,0,0,45.50135211267606,25442622.53521127,138144.70422535212
1067,C2096,492,아파트,광주광역시,11.0,0.0,2.0,347.0,525.0,0,0,0,0,0,0,0,0,0,0,0,0,0,0,0,0,0,0,0,0,0,0,0,41.28142276422764,15343967.479674798,88352.19512195123
1074,C2010,861,아파트,광주광역시,15.0,0.0,3.0,608.0,690.0,0,0,0,0,0,0,0,0,0,0,0,0,0,0,0,0,0,0,0,0,0,0,0,43.91689895470383,19087425.087108012,93854.49477351917
1079,C1879,711,아파트,광주광역시,12.0,0.0,2.0,573.0,713.0,0,0,0,0,0,0,0,0,0,0,0,0,0,0,0,0,0,0,0,0,0,0,0,49.418537271448656,22300485.23206751,122946.99015471168
1084,C1131,901,아파트,광주광역시,10.0,0.0,7.0,668.0,1019.0,0,0,0,0,0,0,0,0,0,0,0,0,0,0,0,0,0,0,0,0,0,0,0,53.42657047724751,19768334.073251944,160252.98557158714
1088,C1468,815,아파트,광주광역시,17.0,0.0,1.0,574.0,810.0,0,0,0,0,0,0,0,0,0,0,0,0,0,0,0,0,0,0,0,0,0,0,0,43.49868711656442,19719720.245398775,108933.84049079755
1093,C1213,312,아파트,전라북도,8.0,0.0,6.0,224.0,148.0,0,0,0,0,0,0,0,0,0,0,0,0,0,0,0,0,0,0,0,0,0,0,0,40.82759615384615,15597048.076923076,90358.26923076923
1099,C1173,571,아파트,충청남도,7.0,0.0,2.0,483.0,609.0,0,0,0,0,0,0,0,0,0,0,0,0,0,0,0,0,0,0,0,0,0,0,0,45.38374781085814,18327905.429071803,143310.0700525394
1108,C2492,594,아파트,경상북도,23.0,0.0,5.0,480.0,585.0,0,0,0,0,0,0,0,0,0,0,0,0,0,0,0,0,0,0,0,0,0,0,0,51.25424242424242,17154939.393939395,129973.53535353535
1113,C2032,944,아파트,경상남도,23.0,0.0,1.0,958.0,1162.0,0,0,0,0,0,0,0,0,0,0,0,0,0,0,0,0,0,0,0,0,0,0,0,58.5442372881356,30172037.076271188,181031.55720338982
1121,C2094,410,아파트,경상남도,16.0,0.0,20.0,402.0,318.0,0,0,0,0,0,0,0,0,0,0,0,0,0,0,0,0,0,0,0,0,0,0,0,41.59039024390244,15658646.341463415,109621.46341463414
1128,C1880,635,아파트,경상남도,15.0,0.0,20.0,508.0,761.0,0,0,0,0,0,0,0,0,0,0,0,0,0,0,0,0,0,0,0,0,0,0,0,53.358488188976374,23546683.464566927,134964.94488188977
1132,C2089,962,아파트,경상남도,27.0,0.0,1.0,873.0,572.0,0,0,0,0,0,0,0,0,0,0,0,0,0,0,0,0,0,0,0,0,0,0,0,45.25336798336799,18164486.486486487,134795.80041580042
1138,C1744,822,아파트,경기도,13.0,0.0,2.0,827.0,979.0,0,0,0,0,0,0,0,0,0,0,0,0,0,0,0,0,0,0,0,0,0,0,0,54.59184914841849,29377985.401459854,217494.62287104622
1143,C2046,1129,아파트,경기도,10.0,0.0,4.0,1137.0,1306.0,0,0,0,0,0,0,0,0,0,0,0,0,0,0,0,0,0,0,0,0,0,0,0,51.63294065544729,26215203.72010629,219095.473870682
1149,C2071,1479,아파트,경기도,21.0,0.0,3.0,1488.0,1398.0,0,0,0,0,0,0,0,0,0,0,0,0,0,0,0,0,0,0,0,0,0,0,0,47.03706558485464,21767640.97363083,181643.61054766734
1158,C2635,330,아파트,경기도,1.0,0.0,3.0,259.0,442.0,0,0,0,0,0,0,0,0,0,0,0,0,0,0,0,0,0,0,0,0,0,0,0,56.230000000000004,32447272.727272727,271656.36363636365
1163,C2390,386,아파트,경기도,4.0,0.0,4.0,299.0,422.0,0,0,0,0,0,0,0,0,0,0,0,0,0,0,0,0,0,0,0,0,0,0,0,58.0100518134715,33912176.16580311,284130.36269430054
1167,C2561,456,아파트,경기도,7.0,1.0,4.0,399.0,441.0,0,0,0,0,0,0,0,0,0,0,0,0,0,0,0,0,0,0,0,0,0,0,0,50.92526315789473,20109052.63157895,237671.05263157896
1171,C1663,642,아파트,대전광역시,3.0,1.0,5.0,567.0,700.0,0,0,0,0,0,0,0,0,0,0,0,0,0,0,0,0,0,0,0,0,0,0,0,54.58989096573209,18265757.009345796,248546.82242990655
1175,C2490,302,아파트,대구광역시,4.0,0.0,2.0,217.0,340.0,0,0,0,0,0,0,0,0,0,0,0,0,0,0,0,0,0,0,0,0,0,0,0,54.61721854304636,24228079.470198676,211895.09933774834
1177,C2066,757,아파트,대구광역시,22.0,0.0,2.0,660.0,503.0,0,0,0,0,0,0,0,0,0,0,0,0,0,0,0,0,0,0,0,0,0,0,0,40.72124174372524,15892960.36988111,128652.41743725231
1187,C1585,705,아파트,대구광역시,12.0,1.0,3.0,502.0,718.0,0,0,0,0,0,0,0,0,0,0,0,0,0,0,0,0,0,0,0,0,0,0,0,42.20327659574468,22080608.510638297,184876.68085106384
1191,C2276,1072,아파트,대전광역시,18.0,0.0,4.0,894.0,1159.0,0,0,0,0,0,0,0,0,0,0,0,0,0,0,0,0,0,0,0,0,0,0,0,55.41807835820895,19366975.746268656,181684.12313432837
1194,C1155,375,아파트,대전광역시,9.0,1.0,10.0,454.0,373.0,0,0,0,0,0,0,0,0,0,0,0,0,0,0,0,0,0,0,0,0,0,0,0,53.25538666666668,35456224.0,203298.66666666666
1197,C1693,853,아파트,대전광역시,20.0,0.0,6.0,862.0,1087.0,0,0,0,0,0,0,0,0,0,0,0,0,0,0,0,0,0,0,0,0,0,0,0,55.28198124267292,33538214.536928486,208619.51934349356
1201,C1889,1018,아파트,경기도,14.0,0.0,2.0,788.0,808.0,0,0,0,0,0,0,0,0,0,0,0,0,0,0,0,0,0,0,0,0,0,0,0,51.85160117878193,17528426.326129667,122603.44793713163
1205,C2518,341,아파트,강원도,11.0,0.0,2.0,240.0,305.0,0,0,0,0,0,0,0,0,0,0,0,0,0,0,0,0,0,0,0,0,0,0,0,54.400058651026384,20705607.038123168,176975.10263929618
1207,C1962,416,아파트,강원도,9.0,0.0,3.0,296.0,401.0,0,0,0,0,0,0,0,0,0,0,0,0,0,0,0,0,0,0,0,0,0,0,0,55.738365384615385,20988326.923076924,198923.89423076922
1211,C1666,708,아파트,전라남도,20.0,0.0,4.0,638.0,465.0,0,0,0,0,0,0,0,0,0,0,0,0,0,0,0,0,0,0,0,0,0,0,0,45.18211864406779,17114576.27118644,117015.25423728813
1220,C1537,662,아파트,충청남도,17.0,0.0,3.0,546.0,669.0,0,0,0,0,0,0,0,0,0,0,0,0,0,0,0,0,0,0,0,0,0,0,0,54.61359516616314,27598906.344410878,131515.58912386707
1224,C1329,1002,아파트,부산광역시,30.0,0.0,2.0,775.0,554.0,0,0,0,0,0,0,0,0,0,0,0,0,0,0,0,0,0,0,0,0,0,0,0,44.68808383233534,18635710.578842316,134974.39121756487
1232,C1762,462,아파트,전라북도,4.0,0.0,2.0,325.0,460.0,0,0,0,0,0,0,0,0,0,0,0,0,0,0,0,0,0,0,0,0,0,0,0,55.853376623376626,20574181.818181816,114705.1948051948
1235,C2008,781,아파트,경기도,7.0,2.0,5.0,663.0,548.0,0,0,0,0,0,0,0,0,0,0,0,0,0,0,0,0,0,0,0,0,0,0,0,45.795723431498075,24604444.302176695,233325.48015364917
1245,C1319,496,아파트,경상남도,16.0,0.0,1.0,428.0,398.0,0,0,0,0,0,0,0,0,0,0,0,0,0,0,0,0,0,0,0,0,0,0,0,40.82072580645162,13917052.41935484,123662.45967741935
1251,C1141,630,아파트,경상남도,28.0,0.0,2.0,637.0,620.0,0,0,0,0,0,0,0,0,0,0,0,0,0,0,0,0,0,0,0,0,0,0,0,48.09266666666666,16137661.904761905,102429.90476190476
1257,C2340,512,아파트,서울특별시,15.0,0.0,3.0,362.0,382.0,0,0,0,0,0,0,0,0,0,0,0,0,0,0,0,0,0,0,0,0,0,0,0,39.82,32454000.0,281700.0
1258,C1929,492,아파트,충청남도,19.0,0.0,4.0,426.0,413.0,0,0,0,0,0,0,0,0,0,0,0,0,0,0,0,0,0,0,0,0,0,0,0,47.07544715447154,20217191.05691057,151560.36585365853
1264,C1681,534,아파트,경기도,9.0,0.0,7.0,465.0,520.0,0,0,0,0,0,0,0,0,0,0,0,0,0,0,0,0,0,0,0,0,0,0,0,43.572172284644196,29979161.04868914,223034.1573033708
1272,C1184,458,아파트,경기도,4.0,0.0,3.0,403.0,488.0,0,0,0,0,0,0,0,0,0,0,0,0,0,0,0,0,0,0,0,0,0,0,0,43.07947598253275,29088925.76419214,219085.28384279477
1279,C2383,762,아파트,경기도,14.0,0.0,3.0,661.0,832.0,0,0,0,0,0,0,0,0,0,0,0,0,0,0,0,0,0,0,0,0,0,0,0,45.398543307086605,32972590.551181104,237073.43832020997
1288,C1579,1005,아파트,경기도,12.0,0.0,2.0,882.0,1158.0,0,0,0,0,0,0,0,0,0,0,0,0,0,0,0,0,0,0,0,0,0,0,0,45.70027860696517,33510525.37313433,239459.99004975124
1297,C2173,775,아파트,경기도,4.0,1.0,2.0,665.0,745.0,0,0,0,0,0,0,0,0,0,0,0,0,0,0,0,0,0,0,0,0,0,0,0,45.984967741935485,38629402.58064516,265181.67741935485
1305,C1911,890,아파트,부산광역시,21.0,1.0,2.0,985.0,831.0,0,0,0,0,0,0,0,0,0,0,0,0,0,0,0,0,0,0,0,0,0,0,0,54.39570786516854,30996505.61797753,252480.22471910113
1311,C1638,494,아파트,전라북도,10.0,0.0,6.0,358.0,413.0,0,0,0,0,0,0,0,0,0,0,0,0,0,0,0,0,0,0,0,0,0,0,0,55.342995951417,21343514.170040485,107695.68825910932
1316,C2412,571,아파트,전라남도,10.0,0.0,2.0,492.0,487.0,0,0,0,0,0,0,0,0,0,0,0,0,0,0,0,0,0,0,0,0,0,0,0,41.66140105078809,18945213.660245184,119961.59369527145
1321,C1871,550,아파트,전라남도,15.0,0.0,4.0,385.0,408.0,0,0,0,0,0,0,0,0,0,0,0,0,0,0,0,0,0,0,0,0,0,0,0,42.43630909090909,13288996.363636363,80898.12727272727
1327,C1309,383,아파트,전라남도,15.0,0.0,4.0,385.0,446.0,0,0,0,0,0,0,0,0,0,0,0,0,0,0,0,0,0,0,0,0,0,0,0,46.39720626631854,18461600.522193212,100560.75718015665
1334,C1527,996,아파트,경상북도,23.0,0.0,4.0,834.0,1150.0,0,0,0,0,0,0,0,0,0,0,0,0,0,0,0,0,0,0,0,0,0,0,0,51.64704819277108,18550648.59437751,150298.7550200803
1339,C2208,882,아파트,경기도,16.0,0.0,2.0,755.0,840.0,0,0,0,0,0,0,0,0,0,0,0,0,0,0,0,0,0,0,0,0,0,0,0,44.09319727891157,28291265.30612245,198173.92290249432
1347,C1940,615,아파트,경기도,16.0,0.0,2.0,527.0,709.0,0,0,0,0,0,0,0,0,0,0,0,0,0,0,0,0,0,0,0,0,0,0,0,47.552243902439024,33130278.048780486,224454.0
1353,C2596,470,아파트,경기도,15.0,1.0,7.0,405.0,480.0,0,0,0,0,0,0,0,0,0,0,0,0,0,0,0,0,0,0,0,0,0,0,0,45.07817021276596,29870174.468085106,206153.31914893616
1360,C2227,477,아파트,경기도,9.0,0.0,8.0,413.0,505.0,0,0,0,0,0,0,0,0,0,0,0,0,0,0,0,0,0,0,0,0,0,0,0,44.119559748427676,28212664.570230607,197062.95597484277
1367,C2563,496,아파트,경기도,9.0,0.0,2.0,425.0,449.0,0,0,0,0,0,0,0,0,0,0,0,0,0,0,0,0,0,0,0,0,0,0,0,40.6129435483871,14291794.35483871,168340.40322580645
1371,C2358,1260,아파트,경상남도,24.0,0.0,8.0,941.0,1010.0,0,0,0,0,0,0,0,0,0,0,0,0,0,0,0,0,0,0,0,0,0,0,0,42.03387301587301,20669165.07936508,131897.52380952382
1377,C1492,390,아파트,경기도,15.0,0.0,2.0,334.0,296.0,0,0,0,0,0,0,0,0,0,0,0,0,0,0,0,0,0,0,0,0,0,0,0,41.80823076923077,12186564.102564102,73171.38461538461
1384,C1601,330,아파트,경기도,13.0,0.0,4.0,335.0,308.0,0,0,0,0,0,0,0,0,0,0,0,0,0,0,0,0,0,0,0,0,0,0,0,50.055181818181815,25988327.272727273,177714.81818181818
1390,C1687,773,아파트,경기도,26.0,0.0,3.0,779.0,349.0,0,0,0,0,0,0,0,0,0,0,0,0,0,0,0,0,0,0,0,0,0,0,0,44.464501940491594,20129631.306597672,137852.14747736094
1401,C1236,1124,아파트,경기도,29.0,0.0,2.0,1129.0,657.0,0,0,0,0,0,0,0,0,0,0,0,0,0,0,0,0,0,0,0,0,0,0,0,46.72097864768684,21979074.733096085,150459.4128113879
1413,C1487,550,아파트,경기도,15.0,0.0,8.0,448.0,505.0,0,0,0,0,0,0,0,0,0,0,0,0,0,0,0,0,0,0,0,0,0,0,0,56.492,25967000.0,143308.0
1415,C1379,324,아파트,경기도,10.0,0.0,2.0,270.0,294.0,0,0,0,0,0,0,0,0,0,0,0,0,0,0,0,0,0,0,0,0,0,0,0,40.44629629629629,14436296.296296297,109723.70370370371
1419,C1386,1497,아파트,전라남도,15.0,0.0,5.0,1100.0,1145.0,0,0,0,0,0,0,0,0,0,0,0,0,0,0,0,0,0,0,0,0,0,0,0,42.73445557782232,14608903.13961256,82487.65531062124
1432,C1656,531,아파트,전라남도,7.0,0.0,2.0,480.0,257.0,0,0,0,0,0,0,0,0,0,0,0,0,0,0,0,0,0,0,0,0,0,0,0,46.52126177024482,16120862.52354049,119227.58945386064
1440,C2526,355,아파트,경상북도,16.0,0.0,2.0,291.0,321.0,0,0,0,0,0,0,0,0,0,0,0,0,0,0,0,0,0,0,0,0,0,0,0,49.407633802816896,15630659.154929578,109412.81690140846
1445,C1022,389,아파트,경기도,4.0,0.0,4.0,352.0,450.0,0,0,0,0,0,0,0,0,0,0,0,0,0,0,0,0,0,0,0,0,0,0,0,46.9,24665000.0,221980.0
1449,C1896,712,아파트,경기도,3.0,0.0,2.0,658.0,845.0,0,0,0,0,0,0,0,0,0,0,0,0,0,0,0,0,0,0,0,0,0,0,0,46.92391853932585,25734095.505617976,222230.14044943822
1455,C1269,561,아파트,경기도,1.0,0.0,3.0,572.0,643.0,0,0,0,0,0,0,0,0,0,0,0,0,0,0,0,0,0,0,0,0,0,0,0,47.121069518716574,20079673.796791445,210895.08021390374
1459,C1916,816,아파트,경기도,2.0,1.0,4.0,822.0,752.0,0,0,0,0,0,0,0,0,0,0,0,0,0,0,0,0,0,0,0,0,0,0,0,45.98178921568628,20703036.76470588,210027.47549019608
1463,C2070,898,아파트,경기도,6.0,0.0,3.0,909.0,735.0,0,0,0,0,0,0,0,0,0,0,0,0,0,0,0,0,0,0,0,0,0,0,0,48.277193763919826,22199692.650334075,231190.3118040089
1468,C1967,581,아파트,경기도,6.0,0.0,3.0,530.0,639.0,0,0,0,0,0,0,0,0,0,0,0,0,0,0,0,0,0,0,0,0,0,0,0,42.76638554216867,15373843.373493975,180346.8674698795
1472,C2021,851,아파트,경기도,7.0,0.0,3.0,771.0,902.0,0,0,0,0,0,0,0,0,0,0,0,0,0,0,0,0,0,0,0,0,0,0,0,46.693008225616914,16931710.928319626,198826.6627497062
1484,C1143,693,아파트,경기도,3.0,1.0,11.0,717.0,632.0,0,0,0,0,0,0,0,0,0,0,0,0,0,0,0,0,0,0,0,0,0,0,0,39.679898989898994,16995676.767676767,179170.9090909091
1487,C2188,136,아파트,경기도,3.0,0.0,2.0,136.0,125.0,0,0,0,0,0,0,0,0,0,0,0,0,0,0,0,0,0,0,0,0,0,0,0,39.42,19221000.0,175780.0
1488,C2651,225,아파트,경기도,5.0,0.0,2.0,277.0,282.0,0,0,0,0,0,0,0,0,0,0,0,0,0,0,0,0,0,0,0,0,0,0,0,42.830177777777784,20773004.444444444,193106.53333333333
1490,C2657,866,아파트,경기도,7.0,0.0,4.0,692.0,782.0,0,0,0,0,0,0,0,0,0,0,0,0,0,0,0,0,0,0,0,0,0,0,0,45.035588914549656,31637011.54734411,219201.40877598152
1497,C2527,383,아파트,경기도,8.0,0.0,3.0,317.0,375.0,0,0,0,0,0,0,0,0,0,0,0,0,0,0,0,0,0,0,0,0,0,0,0,44.91657963446475,31713441.25326371,219010.62663185378
1502,C2262,720,아파트,울산광역시,30.0,0.0,4.0,581.0,540.0,0,0,0,0,0,0,0,0,0,0,0,0,0,0,0,0,0,0,0,0,0,0,0,46.331319444444446,23855869.444444444,190589.33333333334
1510,C1084,280,아파트,경상북도,2.0,0.0,2.0,280.0,226.0,0,0,0,0,0,0,0,0,0,0,0,0,0,0,0,0,0,0,0,0,0,0,0,46.63428571428571,16039200.0,109413.14285714286
1516,C2530,307,아파트,강원도,19.0,0.0,5.0,296.0,302.0,0,0,0,0,0,0,0,0,0,0,0,0,0,0,0,0,0,0,0,0,0,0,0,54.484332247557,32256602.60586319,286164.2996742671
1522,C1046,232,아파트,강원도,9.0,0.0,4.0,195.0,156.0,0,0,0,0,0,0,0,0,0,0,0,0,0,0,0,0,0,0,0,0,0,0,0,40.4475,17341500.0,191992.5
1525,C1761,602,아파트,강원도,18.0,0.0,2.0,715.0,730.0,0,0,0,0,0,0,0,0,0,0,0,0,0,0,0,0,0,0,0,0,0,0,0,46.155780730897014,20254591.362126246,200635.74750830565
1531,C1102,522,아파트,강원도,21.0,0.0,7.0,525.0,417.0,0,0,0,0,0,0,0,0,0,0,0,0,0,0,0,0,0,0,0,0,0,0,0,44.23758620689655,16273724.137931034,182689.3103448276
1537,C2420,457,아파트,대구광역시,3.0,1.0,8.0,537.0,505.0,0,0,0,0,0,0,0,0,0,0,0,0,0,0,0,0,0,0,0,0,0,0,0,50.132975929978116,29287916.849015318,202103.47921225382
1544,C1122,808,아파트,대구광역시,7.0,2.0,2.0,728.0,1077.0,0,0,0,0,0,0,0,0,0,0,0,0,0,0,0,0,0,0,0,0,0,0,0,44.91507425742574,22401170.792079207,153264.3688118812
1551,C2042,712,아파트,대구광역시,13.0,2.0,7.0,641.0,757.0,0,0,0,0,0,0,0,0,0,0,0,0,0,0,0,0,0,0,0,0,0,0,0,45.555028089887635,22962075.84269663,157078.91853932585
1556,C1375,757,아파트,경상남도,21.0,0.0,12.0,761.0,754.0,0,0,0,0,0,0,0,0,0,0,0,0,0,0,0,0,0,0,0,0,0,0,0,53.71875825627477,27004665.785997357,163110.59445178334
1563,C1410,356,아파트,충청북도,10.0,0.0,3.0,550.0,815.0,0,0,0,0,0,0,0,0,0,0,0,0,0,0,0,0,0,0,0,0,0,0,0,46.30741573033708,13765696.629213484,112590.67415730337
1566,C1641,283,아파트,경상남도,8.0,0.0,1.0,227.0,268.0,0,0,0,0,0,0,0,0,0,0,0,0,0,0,0,0,0,0,0,0,0,0,0,45.53254416961131,11630911.660777384,101370.0
1570,C1706,467,아파트,경기도,7.0,1.0,5.0,403.0,362.0,0,0,0,0,0,0,0,0,0,0,0,0,0,0,0,0,0,0,0,0,0,0,0,46.7524625267666,26052852.248394005,218306.9164882227
1575,C1307,506,아파트,경기도,9.0,0.0,3.0,436.0,504.0,0,0,0,0,0,0,0,0,0,0,0,0,0,0,0,0,0,0,0,0,0,0,0,46.66602766798419,33141411.067193676,237617.03557312253
1583,C2601,243,아파트,경기도,7.0,0.0,3.0,214.0,281.0,0,0,0,0,0,0,0,0,0,0,0,0,0,0,0,0,0,0,0,0,0,0,0,53.78893004115226,45466283.95061728,301334.7736625514
1588,C1085,525,아파트,경기도,4.0,0.0,2.0,422.0,521.0,0,0,0,0,0,0,0,0,0,0,0,0,0,0,0,0,0,0,0,0,0,0,0,41.288000000000004,15723885.714285715,132970.57142857142
1592,C2385,445,아파트,경기도,4.0,0.0,4.0,404.0,552.0,0,0,0,0,0,0,0,0,0,0,0,0,0,0,0,0,0,0,0,0,0,0,0,49.21719101123596,27762168.539325844,189772.35955056178
1596,C1059,514,아파트,전라북도,7.0,0.0,8.0,362.0,246.0,0,0,0,0,0,0,0,0,0,0,0,0,0,0,0,0,0,0,0,0,0,0,0,43.08268482490272,16961961.089494165,103446.49805447471
1602,C2162,374,아파트,전라북도,7.0,0.0,1.0,281.0,347.0,0,0,0,0,0,0,0,0,0,0,0,0,0,0,0,0,0,0,0,0,0,0,0,56.18133689839572,20227673.796791445,112360.69518716578
1605,C1819,330,아파트,전라남도,15.0,0.0,1.0,253.0,272.0,0,0,0,0,0,0,0,0,0,0,0,0,0,0,0,0,0,0,0,0,0,0,0,56.26636363636364,18934272.727272727,126521.81818181818
1608,C2325,378,아파트,전라북도,3.0,0.0,1.0,265.0,293.0,0,0,0,0,0,0,0,0,0,0,0,0,0,0,0,0,0,0,0,0,0,0,0,44.8058201058201,14330439.153439153,84453.96825396825
1613,C2394,277,아파트,충청남도,20.0,0.0,2.0,222.0,254.0,0,0,0,0,0,0,0,0,0,0,0,0,0,0,0,0,0,0,0,0,0,0,0,46.25093862815885,54385896.750902526,60825.63176895307
1621,C1133,856,아파트,전라북도,10.0,0.0,3.0,777.0,842.0,0,0,0,0,0,0,0,0,0,0,0,0,0,0,0,0,0,0,0,0,0,0,0,42.74202102803738,23492362.14953271,136829.8831775701
1627,C1281,646,아파트,전라북도,4.0,0.0,3.0,583.0,484.0,0,0,0,0,0,0,0,0,0,0,0,0,0,0,0,0,0,0,0,0,0,0,0,39.45137770897832,20164393.18885449,119394.65944272446
1632,C1194,511,아파트,제주특별자치도,3.0,0.0,4.0,413.0,585.0,0,0,0,0,0,0,0,0,0,0,0,0,0,0,0,0,0,0,0,0,0,0,0,55.38350293542074,20121144.81409002,236586.49706457925
1637,C2308,285,아파트,강원도,3.0,0.0,1.0,200.0,244.0,0,0,0,0,0,0,0,0,0,0,0,0,0,0,0,0,0,0,0,0,0,0,0,56.44863157894737,13390505.263157895,196200.2105263158
1640,C2036,256,아파트,강원도,2.0,0.0,1.0,199.0,258.0,0,0,0,0,0,0,0,0,0,0,0,0,0,0,0,0,0,0,0,0,0,0,0,51.057656249999994,19476710.9375,132089.765625
1644,C1394,466,아파트,전라북도,0.0,0.0,1.0,329.0,271.0,0,0,0,0,0,0,0,0,0,0,0,0,0,0,0,0,0,0,0,0,0,0,0,41.178047210300434,12493364.806866953,92245.30042918454
1648,C1180,314,아파트,전라북도,15.0,0.0,1.0,241.0,311.0,0,0,0,0,0,0,0,0,0,0,0,0,0,0,0,0,0,0,0,0,0,0,0,55.98095541401274,18010910.82802548,102080.31847133758
1651,C2503,382,아파트,제주특별자치도,7.0,0.0,2.0,306.0,327.0,0,0,0,0,0,0,0,0,0,0,0,0,0,0,0,0,0,0,0,0,0,0,0,42.21651832460733,15003382.19895288,120723.4554973822
1657,C1907,212,아파트,제주특별자치도,7.0,0.0,3.0,163.0,207.0,0,0,0,0,0,0,0,0,0,0,0,0,0,0,0,0,0,0,0,0,0,0,0,44.42330188679246,12333415.094339622,103278.82075471699
1663,C2181,872,아파트,충청북도,15.0,0.0,6.0,733.0,683.0,0,0,0,0,0,0,0,0,0,0,0,0,0,0,0,0,0,0,0,0,0,0,0,41.63519495412844,12199112.385321101,112914.47247706422
1669,C1768,508,아파트,충청북도,4.0,0.0,1.0,370.0,670.0,0,0,0,0,0,0,0,0,0,0,0,0,0,0,0,0,0,0,0,0,0,0,0,55.846102362204725,15762688.976377953,149560.6692913386
1671,C1783,594,아파트,대구광역시,16.0,1.0,6.0,596.0,570.0,0,0,0,0,0,0,0,0,0,0,0,0,0,0,0,0,0,0,0,0,0,0,0,49.109292929292934,25853595.95959596,176619.19191919192
1676,C2192,514,아파트,충청북도,16.0,0.0,2.0,442.0,324.0,0,0,0,0,0,0,0,0,0,0,0,0,0,0,0,0,0,0,0,0,0,0,0,40.017470817120625,11841260.700389106,102705.87548638132
1681,C2346,558,아파트,충청북도,12.0,0.0,3.0,449.0,553.0,0,0,0,0,0,0,0,0,0,0,0,0,0,0,0,0,0,0,0,0,0,0,0,52.23283154121864,16074569.892473118,140073.7634408602
1686,C2680,758,아파트,경상남도,19.0,0.0,7.0,564.0,590.0,0,0,0,0,0,0,0,0,0,0,0,0,0,0,0,0,0,0,0,0,0,0,0,40.24709762532982,22048725.593667544,115416.4907651715
1689,C2631,812,아파트,경상남도,2.0,0.0,3.0,612.0,638.0,0,0,0,0,0,0,0,0,0,0,0,0,0,0,0,0,0,0,0,0,0,0,0,45.73625615763547,20426721.674876846,103248.64532019704
1696,C2141,504,아파트,경상남도,2.0,0.0,6.0,445.0,495.0,0,0,0,0,0,0,0,0,0,0,0,0,0,0,0,0,0,0,0,0,0,0,0,43.28333333333333,26544714.285714287,206454.7619047619
1700,C1569,631,아파트,경상남도,8.0,0.0,3.0,442.0,528.0,0,0,0,0,0,0,0,0,0,0,0,0,0,0,0,0,0,0,0,0,0,0,0,40.19117274167987,13998939.778129952,95593.15372424723
1707,C2099,332,아파트,강원도,3.0,0.0,2.0,258.0,383.0,0,0,0,0,0,0,0,0,0,0,0,0,0,0,0,0,0,0,0,0,0,0,0,47.32240963855422,12723506.024096385,104877.22891566265
1712,C2287,409,아파트,충청북도,18.0,0.0,3.0,330.0,284.0,0,0,0,0,0,0,0,0,0,0,0,0,0,0,0,0,0,0,0,0,0,0,0,46.59342298288508,13627953.545232274,113428.67970660147
1719,C2055,773,아파트,충청북도,22.0,0.0,4.0,817.0,723.0,0,0,0,0,0,0,0,0,0,0,0,0,0,0,0,0,0,0,0,0,0,0,0,45.684139715394565,23228993.531694695,169709.12031047867
1725,C1428,375,아파트,강원도,6.0,0.0,2.0,360.0,333.0,0,0,0,0,0,0,0,0,0,0,0,0,0,0,0,0,0,0,0,0,0,0,0,45.05224,19654925.333333332,163828.66666666666
1732,C2522,747,아파트,강원도,13.0,0.0,2.0,698.0,610.0,0,0,0,0,0,0,0,0,0,0,0,0,0,0,0,0,0,0,0,0,0,0,0,44.449959839357426,19362184.73895582,158182.61044176706
1739,C2560,372,아파트,강원도,3.0,0.0,1.0,374.0,481.0,0,0,0,0,0,0,0,0,0,0,0,0,0,0,0,0,0,0,0,0,0,0,0,53.600967741935484,16727838.709677419,214235.48387096773
1741,C2068,434,아파트,강원도,3.0,0.0,1.0,384.0,594.0,0,0,0,0,0,0,0,0,0,0,0,0,0,0,0,0,0,0,0,0,0,0,0,53.84967741935483,19838580.64516129,235882.25806451612
1743,C2603,538,아파트,충청북도,9.0,0.0,2.0,393.0,509.0,0,0,0,0,0,0,0,0,0,0,0,0,0,0,0,0,0,0,0,0,0,0,0,49.732007434944244,18537325.278810408,129137.02602230484
1749,C1965,498,아파트,충청북도,13.0,0.0,5.0,480.0,500.0,0,0,0,0,0,0,0,0,0,0,0,0,0,0,0,0,0,0,0,0,0,0,0,44.30939759036144,15797000.0,124788.55421686747
1754,C1660,718,아파트,경상남도,13.0,0.0,3.0,550.0,512.0,0,0,0,0,0,0,0,0,0,0,0,0,0,0,0,0,0,0,0,0,0,0,0,48.77220055710307,17491941.504178274,111799.86072423398
1762,C2378,818,아파트,경기도,25.0,0.0,12.0,640.0,901.0,0,0,0,0,0,0,0,0,0,0,0,0,0,0,0,0,0,0,0,0,0,0,0,53.37466992665037,18597623.47188264,236875.08557457212
1766,C1268,1035,아파트,경기도,21.0,0.0,16.0,911.0,934.0,0,0,0,0,0,0,0,0,0,0,0,0,0,0,0,0,0,0,0,0,0,0,0,45.056637681159415,18430182.608695652,188233.6231884058
1772,C1994,431,아파트,경상남도,3.0,0.0,1.0,319.0,496.0,0,0,0,0,0,0,0,0,0,0,0,0,0,0,0,0,0,0,0,0,0,0,0,49.53262180974478,16408714.617169373,106104.36194895592
1776,C1837,467,아파트,경상남도,21.0,0.0,4.0,366.0,398.0,0,0,0,0,0,0,0,0,0,0,0,0,0,0,0,0,0,0,0,0,0,0,0,41.51417558886509,14624143.46895075,125003.06209850108
1782,C1000,566,아파트,충청북도,10.0,0.0,1.0,438.0,481.0,0,0,0,0,0,0,0,0,0,0,0,0,0,0,0,0,0,0,0,0,0,0,0,42.175229681978806,11897252.650176678,107462.27915194347
1789,C1465,861,아파트,충청북도,26.0,0.0,4.0,812.0,557.0,0,0,0,0,0,0,0,0,0,0,0,0,0,0,0,0,0,0,0,0,0,0,0,40.23169570267132,19373606.271777004,149684.80836236934
1795,C1448,1116,아파트,광주광역시,25.0,0.0,2.0,1050.0,1284.0,0,0,0,0,0,0,0,0,0,0,0,0,0,0,0,0,0,0,0,0,0,0,0,49.67869175627241,29277505.376344085,164258.9964157706
1804,C1516,456,아파트,전라남도,8.0,0.0,1.0,367.0,475.0,0,0,0,0,0,0,0,0,0,0,0,0,0,0,0,0,0,0,0,0,0,0,0,39.41416666666667,9786074.56140351,78749.4298245614
1809,C2670,648,아파트,전라북도,9.0,0.0,2.0,600.0,435.0,0,0,0,0,0,0,0,0,0,0,0,0,0,0,0,0,0,0,0,0,0,0,0,40.569629629629624,16239962.962962963,114225.55555555556
1814,C1365,875,아파트,경기도,5.0,0.0,2.0,903.0,945.0,0,0,0,0,0,0,0,0,0,0,0,0,0,0,0,0,0,0,0,0,0,0,0,55.92012571428572,53779358.85714286,340142.5028571429
1824,C1177,1668,아파트,대전광역시,17.0,1.0,10.0,1756.0,1044.0,0,0,0,0,0,0,0,0,0,0,0,0,0,0,0,0,0,0,0,0,0,0,0,40.63935851318945,27255726.618705034,179041.103117506
1840,C1360,443,아파트,경상북도,22.0,0.0,2.0,362.0,375.0,0,0,0,0,0,0,0,0,0,0,0,0,0,0,0,0,0,0,0,0,0,0,0,41.10593679458239,14131178.329571106,100778.23927765236
1846,C2488,1215,아파트,광주광역시,28.0,0.0,4.0,1105.0,1023.0,0,0,0,0,0,0,0,0,0,0,0,0,0,0,0,0,0,0,0,0,0,0,0,43.3145267489712,52178189.30041152,76575.39094650206
1854,C1406,1647,아파트,대전광역시,13.0,0.0,2.0,1741.0,1350.0,0,0,0,0,0,0,0,0,0,0,0,0,0,0,0,0,0,0,0,0,0,0,0,40.405610200364286,27027850.03035823,150981.80327868852
1868,C1566,462,아파트,전라남도,13.0,0.0,6.0,387.0,284.0,0,0,0,0,0,0,0,0,0,0,0,0,0,0,0,0,0,0,0,0,0,0,0,41.11922077922078,14630216.45021645,105660.12987012987
1874,C1227,806,아파트,경상남도,7.0,0.0,1.0,707.0,823.0,0,0,0,0,0,0,0,0,0,0,0,0,0,0,0,0,0,0,0,0,0,0,0,40.59558312655087,21808465.260545906,229657.22084367246
1883,C2460,1017,아파트,경기도,17.0,0.0,3.0,879.0,793.0,0,0,0,0,0,0,0,0,0,0,0,0,0,0,0,0,0,0,0,0,0,0,0,40.968711897738444,36325550.63913471,247358.5545722714
1889,C2486,589,아파트,경상남도,2.0,0.0,4.0,515.0,587.0,0,0,0,0,0,0,0,0,0,0,0,0,0,0,0,0,0,0,0,0,0,0,0,40.98482173174873,22309482.173174873,232636.80814940578
1899,C2106,504,아파트,충청북도,18.0,0.0,2.0,434.0,353.0,0,0,0,0,0,0,0,0,0,0,0,0,0,0,0,0,0,0,0,0,0,0,0,39.57349206349207,12111484.126984127,103752.77777777778
1904,C1572,937,아파트,경상남도,32.0,0.0,3.0,770.0,479.0,0,0,0,0,0,0,0,0,0,0,0,0,0,0,0,0,0,0,0,0,0,0,0,39.645453575240126,37551807.89754536,76641.73959445038
1910,C1773,840,아파트,경기도,15.0,0.0,4.0,772.0,614.0,0,0,0,0,0,0,0,0,0,0,0,0,0,0,0,0,0,0,0,0,0,0,0,40.95529761904761,29663489.285714287,286476.6904761905
1919,C1677,1144,아파트,경기도,9.0,0.0,4.0,1039.0,1101.0,0,0,0,0,0,0,0,0,0,0,0,0,0,0,0,0,0,0,0,0,0,0,0,41.17561188811188,29854120.62937063,257134.66783216782
1930,C1823,553,아파트,충청북도,14.0,0.0,3.0,584.0,652.0,0,0,0,0,0,0,0,0,0,0,0,0,0,0,0,0,0,0,0,0,0,0,0,40.61249547920434,19717482.820976492,153155.75045207958
1936,C1344,424,아파트,서울특별시,0.0,0.0,3.0,467.0,509.0,0,0,0,0,0,0,0,0,0,0,0,0,0,0,0,0,0,0,0,0,0,0,0,76.15898580188679,118682566.5518868,430622.66316037736
1942,C2692,499,아파트,경상북도,19.0,0.0,2.0,409.0,437.0,0,0,0,0,0,0,0,0,0,0,0,0,0,0,0,0,0,0,0,0,0,0,0,40.510240480961926,13341228.456913827,102301.10220440882
1947,C2505,200,아파트,경상북도,2.0,0.0,2.0,153.0,163.0,0,0,0,0,0,0,0,0,0,0,0,0,0,0,0,0,0,0,0,0,0,0,0,39.1965,10031250.0,84545.0
1952,C2587,603,아파트,경상북도,23.0,0.0,3.0,506.0,589.0,0,0,0,0,0,0,0,0,0,0,0,0,0,0,0,0,0,0,0,0,0,0,0,44.51069651741294,18598666.666666668,122769.83416252072
1959,C2127,700,아파트,경상남도,21.0,0.0,2.0,592.0,403.0,0,0,0,0,0,0,0,0,0,0,0,0,0,0,0,0,0,0,0,0,0,0,0,43.97691428571429,18740594.285714287,157237.2
1965,C1316,107,아파트,충청남도,7.0,0.0,2.0,27.0,22.0,0,0,0,0,0,0,0,0,0,0,0,0,0,0,0,0,0,0,0,0,0,0,0,35.60738317757009,34825510.280373834,33401.86915887851
1967,C1674,318,아파트,전라남도,4.0,0.0,1.0,262.0,322.0,0,0,0,0,0,0,0,0,0,0,0,0,0,0,0,0,0,0,0,0,0,0,0,40.50817610062892,13016465.408805031,103668.8679245283
1973,C1713,656,아파트,경상남도,2.0,0.0,1.0,527.0,566.0,0,0,0,0,0,0,0,0,0,0,0,0,0,0,0,0,0,0,0,0,0,0,0,40.51182926829268,14529064.024390243,139566.6463414634
1979,C1845,306,아파트,강원도,0.0,0.0,3.0,248.0,277.0,0,0,0,0,0,0,0,0,0,0,0,0,0,0,0,0,0,0,0,0,0,0,0,42.0135294117647,19120568.62745098,223888.82352941178
1983,C2082,970,아파트,경기도,19.0,0.0,2.0,845.0,822.0,0,0,0,0,0,0,0,0,0,0,0,0,0,0,0,0,0,0,0,0,0,0,0,41.08336082474227,38670816.49484536,263041.54639175255
1989,C1328,992,아파트,경기도,36.0,0.0,15.0,871.0,770.0,0,0,0,0,0,0,0,0,0,0,0,0,0,0,0,0,0,0,0,0,0,0,0,39.986794354838715,65818409.27419355,138239.4758064516
2000,C2357,533,아파트,부산광역시,25.0,1.0,2.0,484.0,345.0,0,0,0,0,0,0,0,0,0,0,0,0,0,0,0,0,0,0,0,0,0,0,0,43.488686679174485,77731688.55534708,247673.92120075048
2006,C2565,1006,아파트,경상북도,33.0,0.0,3.0,915.0,1090.0,0,0,0,0,0,0,0,0,0,0,0,0,0,0,0,0,0,0,0,0,0,0,0,47.78068588469184,20177237.574552685,196099.662027833
2018,C1804,478,아파트,경기도,3.0,0.0,3.0,629.0,951.0,0,0,0,0,0,0,0,0,0,0,0,0,0,0,0,0,0,0,0,0,0,0,0,82.74884041841004,87633915.81589958,582199.1871966528
2022,C2255,560,아파트,충청남도,2.0,0.0,2.0,400.0,410.0,0,0,0,0,0,0,0,0,0,0,0,0,0,0,0,0,0,0,0,0,0,0,0,35.60489285714286,14176458.57142857,101709.53571428571
2028,C1343,600,아파트,경기도,8.0,1.0,4.0,528.0,549.0,0,0,0,0,0,0,0,0,0,0,0,0,0,0,0,0,0,0,0,0,0,0,0,44.07758333333333,22975891.666666668,210760.3
2037,C1987,291,아파트,부산광역시,26.0,3.0,4.0,257.0,166.0,0,0,0,0,0,0,0,0,0,0,0,0,0,0,0,0,0,0,0,0,0,0,0,48.09982817869416,46384621.993127145,385857.21649484534
2043,C2479,679,아파트,경기도,13.0,0.0,2.0,615.0,647.0,0,0,0,0,0,0,0,0,0,0,0,0,0,0,0,0,0,0,0,0,0,0,0,43.27618556701031,31036259.20471281,268459.13107511046
2050,C2352,1065,아파트,서울특별시,7.0,0.0,4.0,879.0,793.0,0,0,0,0,0,0,0,0,0,0,0,0,0,0,0,0,0,0,0,0,0,0,0,37.4737558685446,26451523.943661973,266438.9671361502
2060,C1310,1037,아파트,강원도,17.0,0.0,6.0,936.0,1084.0,0,0,0,0,0,0,0,0,0,0,0,0,0,0,0,0,0,0,0,0,0,0,0,40.56351012536162,16826540.98360656,140237.0588235294
2069,C1738,715,아파트,경상남도,13.0,0.0,3.0,582.0,682.0,0,0,0,0,0,0,0,0,0,0,0,0,0,0,0,0,0,0,0,0,0,0,0,40.71998601398601,15089556.643356644,120311.59440559441
2073,C1039,790,아파트,서울특별시,13.0,0.0,3.0,673.0,645.0,0,0,0,0,0,0,0,0,0,0,0,0,0,0,0,0,0,0,0,0,0,0,0,44.10082278481013,19791394.93670886,180892.58227848102
2084,C1863,1099,아파트,충청북도,24.0,0.0,4.0,1154.0,733.0,0,0,0,0,0,0,0,0,0,0,0,0,0,0,0,0,0,0,0,0,0,0,0,39.91804367606915,18940626.933575977,156320.42766151048
2092,C1426,374,아파트,경상북도,2.0,0.0,2.0,321.0,262.0,0,0,0,0,0,0,0,0,0,0,0,0,0,0,0,0,0,0,0,0,0,0,0,40.45877005347593,15494673.796791444,172429.83957219252
2097,C2659,504,아파트,경기도,3.0,1.0,3.0,438.0,365.0,0,0,0,0,0,0,0,0,0,0,0,0,0,0,0,0,0,0,0,0,0,0,0,36.11373015873014,23455865.07936508,227272.34126984127
2108,C2489,1128,아파트,부산광역시,36.0,0.0,4.0,951.0,950.0,0,0,0,0,0,0,0,0,0,0,0,0,0,0,0,0,0,0,0,0,0,0,0,51.509468085106384,23592769.5035461,285393.3510638298
2111,C2211,304,아파트,전라남도,4.0,0.0,1.0,230.0,244.0,0,0,0,0,0,0,0,0,0,0,0,0,0,0,0,0,0,0,0,0,0,0,0,37.99842105263158,9687473.684210526,89997.1052631579
2114,C2314,600,아파트,대전광역시,13.0,0.0,2.0,360.0,343.0,0,0,0,0,0,0,0,0,0,0,0,0,0,0,0,0,0,0,0,0,0,0,0,32.16453333333334,12589446.666666666,133805.06666666668
2121,C1861,690,아파트,전라북도,16.0,0.0,3.0,652.0,613.0,0,0,0,0,0,0,0,0,0,0,0,0,0,0,0,0,0,0,0,0,0,0,0,37.36533333333333,12156136.231884059,164142.60869565216
2125,C2389,690,아파트,충청북도,21.0,0.0,3.0,694.0,561.0,0,0,0,0,0,0,0,0,0,0,0,0,0,0,0,0,0,0,0,0,0,0,0,39.99652173913043,13077978.260869564,108324.13043478261
2131,C1490,749,아파트,충청북도,24.0,0.0,3.0,759.0,899.0,0,0,0,0,0,0,0,0,0,0,0,0,0,0,0,0,0,0,0,0,0,0,0,82.14189136181577,33664559.29906542,401756.7196261682
2135,C1024,680,아파트,서울특별시,2.0,0.0,3.0,877.0,957.0,0,0,0,0,0,0,0,0,0,0,0,0,0,0,0,0,0,0,0,0,0,0,0,72.55221086764706,91864036.21029411,879892.6605147058
2145,C1788,376,아파트,경상남도,28.0,0.0,3.0,380.0,412.0,0,0,0,0,0,0,0,0,0,0,0,0,0,0,0,0,0,0,0,0,0,0,0,57.38468085106383,33840425.5319149,374574.4680851064
2147,C1740,783,아파트,경상북도,29.0,0.0,6.0,978.0,979.0,0,0,0,0,0,0,0,0,0,0,0,0,0,0,0,0,0,0,0,0,0,0,0,67.56299190293741,34605133.333333336,474094.19923371647
2151,C2620,1029,아파트,전라남도,28.0,0.0,6.0,1061.0,1709.0,0,0,0,0,0,0,0,0,0,0,0,0,0,0,0,0,0,0,0,0,0,0,0,74.99953362487852,31442183.659863945,534916.7201166181
2156,C1286,919,아파트,전라남도,27.0,0.0,2.0,988.0,881.0,0,0,0,0,0,0,0,0,0,0,0,0,0,0,0,0,0,0,0,0,0,0,0,82.85830250272035,33945048.96626768,578509.2491838955
2159,C1089,368,아파트,전라남도,14.0,0.0,2.0,285.0,309.0,0,0,0,0,0,0,0,0,0,0,0,0,0,0,0,0,0,0,0,0,0,0,0,41.175353260869564,11091478.260869564,100418.58695652174
2165,C2237,70,아파트,충청남도,7.0,0.0,2.0,50.0,55.0,0,0,0,0,0,0,0,0,0,0,0,0,0,0,0,0,0,0,0,0,0,0,0,37.93314285714286,9183657.142857144,62653.142857142855
2168,C1341,922,아파트,광주광역시,7.0,0.0,1.0,731.0,442.0,0,0,0,0,0,0,0,0,0,0,0,0,0,0,0,0,0,0,0,0,0,0,0,34.432190889370936,14124980.477223428,152060.75921908894
2177,C1338,622,아파트,부산광역시,13.0,1.0,3.0,551.0,551.0,0,0,0,0,0,0,0,0,0,0,0,0,0,0,0,0,0,0,0,0,0,0,0,45.248842443729906,27136819.93569132,226095.46623794214
2187,C2405,600,아파트,경상남도,22.0,0.0,8.0,728.0,1240.0,0,0,0,0,0,0,0,0,0,0,0,0,0,0,0,0,0,0,0,0,0,0,0,81.70661919999999,41707710.721666664,624576.6174
2190,C1969,1366,아파트,대구광역시,29.0,0.0,2.0,1192.0,886.0,0,0,0,0,0,0,0,0,0,0,0,0,0,0,0,0,0,0,0,0,0,0,0,36.852811127379205,13017891.654465593,175735.79795021962
2196,C2274,1122,아파트,충청북도,34.0,0.0,3.0,1182.0,713.0,0,0,0,0,0,0,0,0,0,0,0,0,0,0,0,0,0,0,0,0,0,0,0,38.39424242424242,17727262.03208556,148399.42959001783
2203,C1699,752,아파트,경기도,7.0,0.0,7.0,680.0,606.0,0,0,0,0,0,0,0,0,0,0,0,0,0,0,0,0,0,0,0,0,0,0,0,41.99452127659575,29343167.55319149,263969.49468085106
2210,C2251,886,아파트,경기도,16.0,0.0,3.0,809.0,870.0,0,0,0,0,0,0,0,0,0,0,0,0,0,0,0,0,0,0,0,0,0,0,0,43.39819413092551,31167602.708803613,260215.7336343115
2221,C1340,552,아파트,전라북도,21.0,0.0,3.0,523.0,410.0,0,0,0,0,0,0,0,0,0,0,0,0,0,0,0,0,0,0,0,0,0,0,0,37.11405797101449,11754536.231884059,185103.6231884058
2226,C2373,850,아파트,제주특별자치도,9.0,0.0,5.0,948.0,800.0,0,0,0,0,0,0,0,0,0,0,0,0,0,0,0,0,0,0,0,0,0,0,0,41.487435294117645,19647964.70588235,216273.50588235294
2232,C1455,432,아파트,강원도,2.0,0.0,5.0,349.0,420.0,0,0,0,0,0,0,0,0,0,0,0,0,0,0,0,0,0,0,0,0,0,0,0,38.005462962962966,10792194.444444444,176163.42592592593
2235,C2137,960,아파트,경상북도,30.0,0.0,8.0,876.0,752.0,0,0,0,0,0,0,0,0,0,0,0,0,0,0,0,0,0,0,0,0,0,0,0,39.604375,55213812.5,127973.125
2238,C1985,874,아파트,전라남도,28.0,0.0,4.0,722.0,630.0,0,0,0,0,0,0,0,0,0,0,0,0,0,0,0,0,0,0,0,0,0,0,0,45.12732265446224,16119686.498855835,223209.33638443935
2242,C2583,1106,아파트,대전광역시,21.0,0.0,2.0,752.0,982.0,0,0,0,0,0,0,0,0,0,0,0,0,0,0,0,0,0,0,0,0,0,0,0,35.76171790235082,12732233.273056058,176994.99095840869
2253,C2663,772,아파트,경기도,14.0,0.0,3.0,700.0,652.0,0,0,0,0,0,0,0,0,0,0,0,0,0,0,0,0,0,0,0,0,0,0,0,41.83259067357513,31629860.103626944,275355.4922279793
2259,C2450,483,아파트,경기도,8.0,0.0,5.0,437.0,451.0,0,0,0,0,0,0,0,0,0,0,0,0,0,0,0,0,0,0,0,0,0,0,0,41.626708074534164,29685960.66252588,276084.86542443064
2265,C2329,1028,아파트,대구광역시,24.0,0.0,5.0,973.0,821.0,0,0,0,0,0,0,0,0,0,0,0,0,0,0,0,0,0,0,0,0,0,0,0,38.21933852140077,17039443.579766538,250171.67315175096
2269,C1834,326,아파트,강원도,4.0,0.0,1.0,268.0,255.0,0,0,0,0,0,0,0,0,0,0,0,0,0,0,0,0,0,0,0,0,0,0,0,40.71852760736196,10482030.674846625,154910.49079754602
2272,C1848,532,아파트,광주광역시,9.0,0.0,3.0,660.0,625.0,0,0,0,0,0,0,0,0,0,0,0,0,0,0,0,0,0,0,0,0,0,0,0,57.603383458646626,38621650.375939846,494979.36090225563
2277,C1743,791,아파트,대구광역시,16.0,1.0,1.0,944.0,1653.0,0,0,0,0,0,0,0,0,0,0,0,0,0,0,0,0,0,0,0,0,0,0,0,74.80130214917826,39911504.42477876,518470.2907711757
2284,C1350,1401,아파트,대전광역시,2.0,0.0,6.0,1636.0,2315.0,0,0,0,0,0,0,0,0,0,0,0,0,0,0,0,0,0,0,0,0,0,0,0,67.79416845110633,23266693.076374017,153542.09850107066
2297,C1402,344,아파트,충청북도,16.0,0.0,2.0,344.0,498.0,0,0,0,0,0,0,0,0,0,0,0,0,0,0,0,0,0,0,0,0,0,0,0,75.00886627906978,48244186.04651163,480697.67441860464
2302,C1103,935,아파트,강원도,31.0,0.0,2.0,939.0,787.0,0,0,0,0,0,0,0,0,0,0,0,0,0,0,0,0,0,0,0,0,0,0,0,40.25327272727272,14811838.502673797,211857.2834224599
2306,C1129,1444,아파트,경기도,2.0,1.0,10.0,1275.0,1668.0,0,0,0,0,0,0,0,0,0,0,0,0,0,0,0,0,0,0,0,0,0,0,0,56.47087950138505,49310526.315789476,498584.2105263158
2314,C1027,452,아파트,경상남도,21.0,0.0,5.0,461.0,207.0,0,0,0,0,0,0,0,0,0,0,0,0,0,0,0,0,0,0,0,0,0,0,0,40.34168141592921,19396278.761061948,254986.76991150444
2319,C2377,1105,아파트,경상남도,22.0,0.0,3.0,1110.0,579.0,0,0,0,0,0,0,0,0,0,0,0,0,0,0,0,0,0,0,0,0,0,0,0,40.49614479638008,19042975.56561086,252127.13122171946
2325,C2661,354,아파트,제주특별자치도,12.0,0.0,6.0,297.0,330.0,0,0,0,0,0,0,0,0,0,0,0,0,0,0,0,0,0,0,0,0,0,0,0,35.961129943502826,12626841.807909604,180142.99435028248
2328,C1263,268,아파트,충청북도,4.0,0.0,5.0,214.0,217.0,0,0,0,0,0,0,0,0,0,0,0,0,0,0,0,0,0,0,0,0,0,0,0,37.188805970149254,8841014.925373135,130981.94029850746
2333,C1136,984,아파트,경기도,31.0,0.0,19.0,865.0,763.0,0,0,0,0,0,0,0,0,0,0,0,0,0,0,0,0,0,0,0,0,0,0,0,38.512601626016256,61508073.17073171,137799.1463414634
2337,C2605,624,아파트,강원도,6.0,0.0,3.0,535.0,572.0,0,0,0,0,0,0,0,0,0,0,0,0,0,0,0,0,0,0,0,0,0,0,0,42.11801282051282,18127955.128205128,206377.59615384616
2340,C2393,1546,아파트,경기도,1.0,1.0,2.0,1176.0,922.0,0,0,0,0,0,0,0,0,0,0,0,0,0,0,0,0,0,0,0,0,0,0,0,36.817399741267785,20368135.834411383,196544.20439844762
2353,C1673,640,아파트,충청북도,22.0,0.0,1.0,549.0,526.0,0,0,0,0,0,0,0,0,0,0,0,0,0,0,0,0,0,0,0,0,0,0,0,37.7034375,12062281.25,163838.125
2358,C1017,1460,아파트,대전광역시,27.0,0.0,2.0,1534.0,1246.0,0,0,0,0,0,0,0,0,0,0,0,0,0,0,0,0,0,0,0,0,0,0,0,38.41942465753425,21237783.561643835,240705.53424657535
2361,C2539,396,아파트,충청남도,8.0,0.0,2.0,237.0,228.0,0,0,0,0,0,0,0,0,0,0,0,0,0,0,0,0,0,0,0,0,0,0,0,34.43676767676767,14218949.494949495,117208.9898989899
2367,C1933,1022,아파트,광주광역시,8.0,0.0,3.0,1202.0,1730.0,0,0,0,0,0,0,0,0,0,0,0,0,0,0,0,0,0,0,0,0,0,0,0,70.01731898238748,38469667.318982385,543131.1154598825
2373,C2316,1126,아파트,대구광역시,36.0,0.0,4.0,983.0,712.0,0,0,0,0,0,0,0,0,0,0,0,0,0,0,0,0,0,0,0,0,0,0,0,37.13186500888099,11383380.106571937,195695.57726465364
2377,C2414,924,아파트,충청북도,13.0,0.0,4.0,986.0,1200.0,0,0,0,0,0,0,0,0,0,0,0,0,0,0,0,0,0,0,0,0,0,0,0,59.97811688311688,30709000.0,270660.0
2381,C1301,340,아파트,대구광역시,19.0,0.0,4.0,320.0,202.0,0,0,0,0,0,0,0,0,0,0,0,0,0,0,0,0,0,0,0,0,0,0,0,31.48176470588235,12292117.647058824,163922.35294117648
2384,C1700,922,아파트,대구광역시,39.0,0.0,2.0,804.0,979.0,0,0,0,0,0,0,0,0,0,0,0,0,0,0,0,0,0,0,0,0,0,0,0,54.99212581344902,25036876.355748374,398980.4772234273
2387,C1636,632,아파트,경기도,7.0,0.0,20.0,750.0,946.0,0,0,0,0,0,0,0,0,0,0,0,0,0,0,0,0,0,0,0,0,0,0,0,82.92642405063292,76765822.78481013,621898.7341772151
2391,C2612,1684,아파트,세종특별자치시,27.0,0.0,2.0,1689.0,1832.0,0,0,0,0,0,0,0,0,0,0,0,0,0,0,0,0,0,0,0,0,0,0,0,36.03862232779097,14919596.19952494,193195.9619952494
2395,C1757,794,아파트,부산광역시,13.0,2.0,4.0,676.0,508.0,0,0,0,0,0,0,0,0,0,0,0,0,0,0,0,0,0,0,0,0,0,0,0,39.3015113350126,25987226.70025189,249556.0453400504
2399,C2507,1454,아파트,경기도,4.0,0.0,4.0,880.0,763.0,0,0,0,0,0,0,0,0,0,0,0,0,0,0,0,0,0,0,0,0,0,0,0,31.778638239339756,15531237.96423659,162089.5735900963
2417,C1163,316,아파트,경상북도,20.0,0.0,2.0,239.0,326.0,0,0,0,0,0,0,0,0,0,0,0,0,0,0,0,0,0,0,0,0,0,0,0,36.39784810126583,10917265.82278481,198802.6582278481
2420,C2627,580,아파트,전라남도,18.0,0.0,2.0,378.0,404.0,0,0,0,0,0,0,0,0,0,0,0,0,0,0,0,0,0,0,0,0,0,0,0,34.800999999999995,10254244.827586208,121929.8275862069
2426,C2040,198,아파트,충청북도,11.0,0.0,2.0,200.0,336.0,0,0,0,0,0,0,0,0,0,0,0,0,0,0,0,0,0,0,0,0,0,0,0,82.47,55575757.57575758,540606.0606060605
2428,C2609,556,아파트,제주특별자치도,17.0,0.0,2.0,490.0,555.0,0,0,0,0,0,0,0,0,0,0,0,0,0,0,0,0,0,0,0,0,0,0,0,34.41244604316547,14397798.56115108,204462.30215827338
2431,C2001,540,아파트,경기도,10.0,0.0,8.0,500.0,417.0,0,0,0,0,0,0,0,0,0,0,0,0,0,0,0,0,0,0,0,0,0,0,0,34.739148148148146,14871851.851851853,160700.0
2436,C1065,938,아파트,경상북도,37.0,0.0,3.0,1117.0,1255.0,0,0,0,0,0,0,0,0,0,0,0,0,0,0,0,0,0,0,0,0,0,0,0,37.075437100213215,14613040.51172708,194887.526652452
2439,C1363,2568,아파트,경기도,11.0,0.0,6.0,1798.0,2550.0,0,0,0,0,0,0,0,0,0,0,0,0,0,0,0,0,0,0,0,0,0,0,0,35.023263239875384,27705530.373831775,196367.80373831774
2453,C2579,1058,아파트,경기도,16.0,0.0,4.0,956.0,751.0,0,0,0,0,0,0,0,0,0,0,0,0,0,0,0,0,0,0,0,0,0,0,0,34.572277882797735,28010896.030245747,215035.4820415879
2459,C1048,368,아파트,경기도,15.0,0.0,3.0,333.0,243.0,0,0,0,0,0,0,0,0,0,0,0,0,0,0,0,0,0,0,0,0,0,0,0,34.26652173913043,26719869.56521739,217156.52173913043
2462,C1210,1088,아파트,대구광역시,39.0,0.0,4.0,773.0,586.0,0,0,0,0,0,0,0,0,0,0,0,0,0,0,0,0,0,0,0,0,0,0,0,27.103676470588233,25390294.11764706,137525.90073529413
2467,C1320,1696,아파트,경상남도,35.0,0.0,4.0,1648.0,924.0,0,0,0,0,0,0,0,0,0,0,0,0,0,0,0,0,0,0,0,0,0,0,0,34.01698113207547,12027264.150943397,195103.77358490566
2471,C1941,404,아파트,경상남도,19.0,0.0,3.0,490.0,600.0,0,0,0,0,0,0,0,0,0,0,0,0,0,0,0,0,0,0,0,0,0,0,0,84.9719801980198,47288000.0,627080.0
2475,C1326,1934,아파트,부산광역시,43.0,0.0,4.0,1670.0,1153.0,0,0,0,0,0,0,0,0,0,0,0,0,0,0,0,0,0,0,0,0,0,0,0,31.97428128231644,0.0,0.0
2480,C1685,295,아파트,충청북도,28.0,0.0,1.0,167.0,164.0,0,0,0,0,0,0,0,0,0,0,0,0,0,0,0,0,0,0,0,0,0,0,0,28.35020338983051,34672772.881355934,43067.1186440678
2489,C2618,1550,아파트,경기도,40.0,0.0,7.0,1319.0,783.0,0,0,0,0,0,0,0,0,0,0,0,0,0,0,0,0,0,0,0,0,0,0,0,33.092787096774195,54853572.90322581,97520.24516129032
2494,C1451,1618,아파트,경기도,38.0,0.0,3.0,1382.0,1044.0,0,0,0,0,0,0,0,0,0,0,0,0,0,0,0,0,0,0,0,0,0,0,0,32.44983930778739,52999740.42027194,101339.62917181705
2499,C2143,363,아파트,강원도,2.0,0.0,2.0,434.0,719.0,0,0,0,0,0,0,0,0,0,0,0,0,0,0,0,0,0,0,0,0,0,0,0,80.02363636363637,41524969.696969695,548422.4242424242
2503,C1968,514,아파트,강원도,0.0,0.0,3.0,309.0,220.0,0,0,0,0,0,0,0,0,0,0,0,0,0,0,0,0,0,0,0,0,0,0,0,28.88101167315175,10385595.330739299,113569.33852140077
2508,C2470,636,아파트,대전광역시,1.0,1.0,2.0,772.0,887.0,0,0,0,0,0,0,0,0,0,0,0,0,0,0,0,0,0,0,0,0,0,0,0,46.6648770754717,25970443.396226414,381871.91823899373
2511,C1258,840,아파트,경상남도,0.0,0.0,3.0,658.0,616.0,0,0,0,0,0,0,0,0,0,0,0,0,0,0,0,0,0,0,0,0,0,0,0,33.38664285714286,15443809.523809524,154580.95238095237
2517,C2453,659,아파트,경기도,7.0,2.0,3.0,573.0,559.0,0,0,0,0,0,0,0,0,0,0,0,0,0,0,0,0,0,0,0,0,0,0,0,32.830863368740516,27940136.808801215,196100.35248861913
2524,C1659,902,아파트,광주광역시,32.0,0.0,2.0,635.0,416.0,0,0,0,0,0,0,0,0,0,0,0,0,0,0,0,0,0,0,0,0,0,0,0,27.65150776053215,24267764.966740575,137514.52328159646
2537,C1724,1256,아파트,경상남도,1.0,0.0,6.0,878.0,701.0,0,0,0,0,0,0,0,0,0,0,0,0,0,0,0,0,0,0,0,0,0,0,0,27.33087579617834,21461488.853503186,128449.04458598726
2547,C1802,1438,아파트,세종특별자치시,3.0,0.0,2.0,1500.0,1983.0,0,0,0,0,0,0,0,0,0,0,0,0,0,0,0,0,0,0,0,0,0,0,0,59.86568845618914,42905424.20027816,469527.1210013908
2558,C1939,2334,아파트,경기도,13.0,0.0,3.0,1713.0,1896.0,0,0,0,0,0,0,0,0,0,0,0,0,0,0,0,0,0,0,0,0,0,0,0,35.496889460154236,33306511.568123393,201531.15681233932
2567,C1284,528,아파트,경상남도,0.0,0.0,5.0,543.0,780.0,0,0,0,0,0,0,0,0,0,0,0,0,0,0,0,0,0,0,0,0,0,0,0,59.897651515151516,32896000.0,185040.0
2569,C2595,867,아파트,경상남도,2.0,0.0,5.0,897.0,1359.0,0,0,0,0,0,0,0,0,0,0,0,0,0,0,0,0,0,0,0,0,0,0,0,63.7282122260669,39981545.55940023,459434.83275663207
2574,C2351,542,아파트,경기도,6.0,0.0,4.0,542.0,646.0,0,0,0,0,0,0,0,0,0,0,0,0,0,0,0,0,0,0,0,0,0,0,0,56.20479704797048,45136531.36531366,428523.9852398524
2579,C2506,1124,아파트,대구광역시,14.0,0.0,3.0,1201.0,1433.0,0,0,0,0,0,0,0,0,0,0,0,0,0,0,0,0,0,0,0,0,0,0,0,60.97575622775802,43293594.306049824,462811.38790035585
2596,C1697,526,아파트,경기도,4.0,0.0,3.0,727.0,854.0,0,0,0,0,0,0,0,0,0,0,0,0,0,0,0,0,0,0,0,0,0,0,0,80.46254752851712,69798479.08745247,376996.1977186312
2602,C2259,947,아파트,경기도,5.0,0.0,2.0,1306.0,1378.0,0,0,0,0,0,0,0,0,0,0,0,0,0,0,0,0,0,0,0,0,0,0,0,80.49114044350581,69829989.44033791,377074.9736008448
2608,C1786,480,아파트,강원도,25.0,0.0,3.0,338.0,345.0,0,0,0,0,0,0,0,0,0,0,0,0,0,0,0,0,0,0,0,0,0,0,0,25.571833333333334,5857333.333333333,27822.333333333332
2613,C1357,908,아파트,부산광역시,27.0,0.0,1.0,1001.0,995.0,0,0,0,0,0,0,0,0,0,0,0,0,0,0,0,0,0,0,0,0,0,0,0,76.5653744493392,59176211.45374449,561718.0616740088
2617,C2570,450,아파트,전라남도,14.0,0.0,2.0,318.0,205.0,0,0,0,0,0,0,0,0,0,0,0,0,0,0,0,0,0,0,0,0,0,0,0,26.52377777777778,15699235.555555556,86031.11111111111
2625,C1652,890,아파트,서울특별시,20.0,1.0,8.0,423.0,509.0,0,0,0,0,0,0,0,0,0,0,0,0,0,0,0,0,0,0,0,0,0,0,0,31.147977528089886,71822921.34831461,239407.32584269662
2637,C1565,1020,아파트,대구광역시,42.0,0.0,3.0,719.0,588.0,0,0,0,0,0,0,0,0,0,0,0,0,0,0,0,0,0,0,0,0,0,0,0,27.32294117647059,19630509.80392157,98152.54901960785
2641,C1910,616,아파트,전라북도,21.0,0.0,2.0,350.0,396.0,0,0,0,0,0,0,0,0,0,0,0,0,0,0,0,0,0,0,0,0,0,0,0,26.208132922077922,19441494.545454547,116648.96727272728
2651,C2359,820,아파트,전라남도,9.0,0.0,3.0,629.0,693.0,0,0,0,0,0,0,0,0,0,0,0,0,0,0,0,0,0,0,0,0,0,0,0,30.636975609756096,9498068.292682927,107794.78048780488
2656,C2139,311,아파트,경상남도,11.0,0.0,4.0,232.0,155.0,0,0,0,0,0,0,0,0,0,0,0,0,0,0,0,0,0,0,0,0,0,0,0,34.0203691318328,10816629.95176849,152137.1382636656
2659,C1979,270,아파트,경기도,17.0,0.0,4.0,183.0,133.0,0,0,0,0,0,0,0,0,0,0,0,0,0,0,0,0,0,0,0,0,0,0,0,27.84918518518519,39628755.55555555,174376.1851851852
2668,C1803,100,아파트,울산광역시,13.0,0.0,2.0,57.0,78.0,0,0,0,0,0,0,0,0,0,0,0,0,0,0,0,0,0,0,0,0,0,0,0,26.5482,34416000.0,163757.4
2678,C2508,847,아파트,전라북도,13.0,0.0,3.0,496.0,568.0,0,0,0,0,0,0,0,0,0,0,0,0,0,0,0,0,0,0,0,0,0,0,0,30.939085194805195,13095576.708382526,115409.15135773318
2685,C2531,540,아파트,제주특별자치도,22.0,0.0,6.0,397.0,358.0,0,0,0,0,0,0,0,0,0,0,0,0,0,0,0,0,0,0,0,0,0,0,0,31.4942962962963,21137503.703703705,145169.62962962964
2691,C1695,203,아파트,전라남도,12.0,0.0,4.0,109.0,123.0,0,0,0,0,0,0,0,0,0,0,0,0,0,0,0,0,0,0,0,0,0,0,0,26.002849999999995,21929600.0,129748.64999999998
2696,C2556,303,아파트,울산광역시,21.0,0.0,2.0,249.0,148.0,0,0,0,0,0,0,0,0,0,0,0,0,0,0,0,0,0,0,0,0,0,0,0,38.727066666666666,9353333.333333334,128973.33333333333
2699,C2086,1080,아파트,세종특별자치시,7.0,0.0,2.0,1142.0,1524.0,0,0,0,0,0,0,0,0,0,0,0,0,0,0,0,0,0,0,0,0,0,0,0,68.70255555555553,46055555.55555555,510611.1111111111
2708,C1544,442,아파트,대구광역시,10.0,0.0,2.0,533.0,713.0,0,0,0,0,0,0,0,0,0,0,0,0,0,0,0,0,0,0,0,0,0,0,0,81.66839366515838,49696832.57918552,480090.4977375566
2711,C2154,178,아파트,강원도,2.0,0.0,1.0,131.0,124.0,0,0,0,0,0,0,0,0,0,0,0,0,0,0,0,0,0,0,0,0,0,0,0,34.32820224719101,11114606.741573034,154775.2808988764
2715,C2496,818,아파트,전라북도,0.0,0.0,3.0,995.0,1400.0,0,0,0,0,0,0,0,0,0,0,0,0,0,0,0,0,0,0,0,0,0,0,0,82.56913202933984,66242053.78973105,576210.2689486552
2719,C1756,404,아파트,울산광역시,1.0,0.0,3.0,486.0,609.0,0,0,0,0,0,0,0,0,0,0,0,0,0,0,0,0,0,0,0,0,0,0,0,84.9718316831683,55000000.0,620000.0
2723,C2362,1509,아파트,경기도,46.0,0.0,2.0,1055.0,196.0,0,0,0,0,0,0,0,0,0,0,0,0,0,0,0,0,0,0,0,0,0,0,0,27.95726666666666,24534666.666666668,103466.66666666667
2737,C2568,412,아파트,경상북도,31.0,0.0,2.0,287.0,189.0,0,0,0,0,0,0,0,0,0,0,0,0,0,0,0,0,0,0,0,0,0,0,0,27.0495172815534,15443905.436893204,90083.91992718446
2742,C2245,212,아파트,경상남도,22.0,0.0,1.0,114.0,98.0,0,0,0,0,0,0,0,0,0,0,0,0,0,0,0,0,0,0,0,0,0,0,0,26.498786650943394,51473756.61320755,26805.26462264151
2749,C2059,26,아파트,경기도,1.0,1.0,3.0,13.0,13.0,0,0,0,0,0,0,0,0,0,0,0,0,0,0,0,0,0,0,0,0,0,0,0,27.351538461538457,47445769.23076923,197307.6923076923
2752,C2549,202,아파트,제주특별자치도,17.0,0.0,2.0,141.0,165.0,0,0,0,0,0,0,0,0,0,0,0,0,0,0,0,0,0,0,0,0,0,0,0,26.7909,25680000.0,109140.0
2757,C1584,1227,아파트,경기도,40.0,0.0,3.0,857.0,507.0,0,0,0,0,0,0,0,0,0,0,0,0,0,0,0,0,0,0,0,0,0,0,0,26.284211833740834,41715342.330888346,190606.54849225754
2763,C2298,581,아파트,대전광역시,21.0,0.0,3.0,408.0,444.0,0,0,0,0,0,0,0,0,0,0,0,0,0,0,0,0,0,0,0,0,0,0,0,29.39903222030981,27084429.74182444,130401.38726333907
2768,C2225,1206,아파트,경상남도,49.0,0.0,3.0,842.0,448.0,0,0,0,0,0,0,0,0,0,0,0,0,0,0,0,0,0,0,0,0,0,0,0,25.6921,51953781.666666664,27057.416666666668
2777,C2328,1077,아파트,충청북도,4.0,0.0,2.0,1239.0,1374.0,0,0,0,0,0,0,0,0,0,0,0,0,0,0,0,0,0,0,0,0,0,0,0,57.7713277623027,42607242.33983287,378393.6861652739
2784,C1045,464,아파트,강원도,13.0,0.0,2.0,288.0,266.0,0,0,0,0,0,0,0,0,0,0,0,0,0,0,0,0,0,0,0,0,0,0,0,35.21271551724138,15628879.310344828,157206.89655172414
2788,C1207,100,아파트,광주광역시,10.0,0.0,6.0,54.0,59.0,0,0,0,0,0,0,0,0,0,0,0,0,0,0,0,0,0,0,0,0,0,0,0,26.176000000000002,26605760.0,137457.6
2791,C1970,214,아파트,광주광역시,16.0,0.0,6.0,108.0,159.0,0,0,0,0,0,0,0,0,0,0,0,0,0,0,0,0,0,0,0,0,0,0,0,26.0304,24938320.0,128844.6
2796,C1732,266,아파트,광주광역시,17.0,0.0,3.0,188.0,267.0,0,0,0,0,0,0,0,0,0,0,0,0,0,0,0,0,0,0,0,0,0,0,0,30.0211380075188,25866819.70676692,135797.96255639096
2802,C2433,511,아파트,경기도,19.0,0.0,2.0,389.0,130.0,0,0,0,0,0,0,0,0,0,0,0,0,0,0,0,0,0,0,0,0,0,0,0,27.494648845401173,28917168.29745597,125090.56360078279
2807,C1156,1004,아파트,충청북도,47.0,0.0,3.0,700.0,505.0,0,0,0,0,0,0,0,0,0,0,0,0,0,0,0,0,0,0,0,0,0,0,0,26.358826643426298,66757035.33565737,34764.62741035857
2815,C2142,954,아파트,울산광역시,41.0,0.0,5.0,772.0,396.0,0,0,0,0,0,0,0,0,0,0,0,0,0,0,0,0,0,0,0,0,0,0,0,35.5200908490566,16662483.174004193,189050.7714884696
2819,C2153,362,아파트,전라남도,20.0,0.0,3.0,345.0,280.0,0,0,0,0,0,0,0,0,0,0,0,0,0,0,0,0,0,0,0,0,0,0,0,37.651767955801105,14611116.022099448,190234.3093922652
2823,C2186,924,아파트,대구광역시,0.0,0.0,8.0,664.0,744.0,0,0,0,0,0,0,0,0,0,0,0,0,0,0,0,0,0,0,0,0,0,0,0,34.013029361471865,8657386.943722943,77847.7547943723
2829,C1176,1486,아파트,충청북도,55.0,0.0,3.0,1493.0,619.0,0,0,0,0,0,0,0,0,0,0,0,0,0,0,0,0,0,0,0,0,0,0,0,38.84419919246299,20314430.68640646,189160.067294751
2837,C2446,2200,아파트,경기도,32.0,0.0,5.0,1570.0,1204.0,0,0,0,0,0,0,0,0,0,0,0,0,0,0,0,0,0,0,0,0,0,0,0,33.185036363636364,48501818.18181818,202088.6
2849,C2586,90,아파트,제주특별자치도,7.0,0.0,3.0,66.0,57.0,0,0,0,0,0,0,0,0,0,0,0,0,0,0,0,0,0,0,0,0,0,0,0,29.314666666666668,28773333.333333332,122286.66666666667
2854,C2035,492,아파트,강원도,24.0,0.0,1.0,521.0,246.0,0,0,0,0,0,0,0,0,0,0,0,0,0,0,0,0,0,0,0,0,0,0,0,38.36,18201219.51219512,167341.46341463414
2859,C2020,40,아파트,부산광역시,7.0,1.0,2.0,25.0,19.0,0,0,0,0,0,0,0,0,0,0,0,0,0,0,0,0,0,0,0,0,0,0,0,25.438750000000002,26900000.0,130016.25
2862,C2437,90,아파트,충청북도,12.0,0.0,1.0,30.0,16.0,0,0,0,0,0,0,0,0,0,0,0,0,0,0,0,0,0,0,0,0,0,0,0,24.83,10346000.0,107530.0
2863,C2532,239,아파트,강원도,7.0,0.0,1.0,166.0,146.0,0,0,0,0,0,0,0,0,0,0,0,0,0,0,0,0,0,0,0,0,0,0,0,51.395062761506274,13647815.89958159,138834.35146443514
